Player, Age, Team, Pos, GP, G, A, PTS, +/-, PIM, PS, EV, PP, SH, GW, EV, PP, SH, S, S%, TOI, ATOI, BLK, HIT, FOW, FOL, FO%


Noel Acciari,31,STL,C,34,9,4,13,3,8,1.5,9,0,0,0,3,0,1,46,19.6,463,13:37,36,102,144,120,54.5
Calen Addison,22,MIN,D,32,2,14,16,-8,16,1.8,2,0,0,1,2,12,0,38,5.3,530,16:34,19,8,0,0,
Sebastian Aho,26,NYI,D,31,3,5,8,5,2,1.8,3,0,0,0,5,0,0,38,7.9,484,15:37,22,15,0,0,
Sebastian Aho,25,CAR,F,27,11,16,27,0,18,2.9,9,2,0,3,11,4,1,79,13.9,536,19:51,7,29,216,180,54.5
Nikita Alexandrov,22,STL,C,9,0,1,1,1,0,0.0,0,0,0,0,1,0,0,9,0.0,84,9:18,5,9,4,11,26.7
Alexander Alexeyev,23,WSH,D,5,0,1,1,-1,2,0.1,0,0,0,0,1,0,0,3,0.0,61,12:10,8,6,0,0,
Wade Allison,25,PHI,RW,17,3,1,4,4,6,0.5,3,0,0,0,1,0,0,25,12.0,208,12:13,18,46,1,1,50.0
Michael Amadio,26,VEG,C,22,3,4,7,-2,6,0.5,3,0,0,0,4,0,0,31,9.7,234,10:38,8,26,19,20,48.7
Nils Aman,22,VAN,C,33,1,4,5,-8,2,-0.5,1,0,0,0,4,0,0,21,4.8,401,12:09,21,23,78,133,37.0
Joey Anderson,24,TOR,RW,6,1,0,1,-2,0,0.0,1,0,0,0,0,0,0,3,33.3,57,9:26,2,10,0,0,
Josh Anderson,28,MTL,RW,32,8,3,11,-6,31,0.8,7,1,0,3,3,0,0,70,11.4,505,15:47,11,66,13,12,52.0
Michael Anderson,23,LAK,D,37,2,6,8,8,14,2.1,2,0,0,0,6,0,0,44,4.5,805,21:45,58,74,0,0,
Jaret Anderson-Dolan,23,LAK,C,22,3,2,5,-1,0,0.3,3,0,0,0,2,0,0,27,11.1,218,9:54,15,33,16,14,53.3
Lias Andersson,24,LAK,C,1,0,0,0,-1,0,-0.1,0,0,0,0,0,0,0,1,0.0,9,8:37,0,2,0,0,
Rasmus Andersson,26,CGY,D,35,5,19,24,5,12,3.9,5,0,0,4,9,10,0,70,7.1,869,24:49,61,27,0,0,
Mason Appleton,27,WPG,C,14,1,5,6,1,6,0.3,1,0,0,0,5,0,0,23,4.3,232,16:34,3,26,0,2,0.0
Josh Archibald,30,PIT,RW,30,4,2,6,8,18,0.7,4,0,0,0,2,0,0,41,9.8,307,10:15,11,109,1,2,33.3
Joel Armia,29,MTL,RW,23,0,3,3,-6,8,-0.5,0,0,0,0,3,0,0,43,0.0,338,14:42,15,15,2,5,28.6
Viktor Arvidsson,29,LAK,LW,33,9,15,24,-3,10,2.0,5,4,0,2,9,6,0,78,11.5,545,16:32,17,6,15,16,48.4
Rasmus Asplund,25,BUF,F,21,2,6,8,1,0,0.5,1,0,1,0,6,0,0,25,8.0,252,11:59,7,9,19,29,39.6

Zach Aston-Reese,28,TOR,C,32,3,1,4,-4,15,-0.1,3,0,0,1,1,0,0,33,9.1,374,11:40,23,70,4,5,44.4
Andreas Athanasiou,28,CHI,C,31,7,3,10,-11,22,0.6,6,1,0,1,2,1,0,61,11.5,498,16:03,25,17,6,17,26.1
Nicolas Aube-Kubel,26,TOT,RW,16,0,4,4,4,13,0.3,0,0,0,0,4,0,0,18,0.0,156,9:45,1,41,2,4,33.3
Nicolas Aube-Kubel,26,WSH,RW,10,0,4,4,5,9,0.4,0,0,0,0,4,0,0,16,0.0,102,10:10,0,20,2,3,40.0
Nicolas Aube-Kubel,26,TOR,RW,6,0,0,0,-1,4,-0.1,0,0,0,0,0,0,0,2,0.0,54,9:05,1,21,0,1,0.0
Mikael Backlund,33,CGY,C,35,6,12,18,5,22,1.4,4,1,1,1,10,1,1,100,6.0,620,17:43,10,39,306,279,52.3
Kevin Bahl,22,NJD,D,8,1,1,2,1,4,0.5,1,0,0,0,1,0,0,8,12.5,94,11:45,13,9,0,0,
Josh Bailey,33,NYI,C,31,5,8,13,0,2,1.0,5,0,0,2,6,2,0,40,12.5,482,15:32,15,5,27,33,45.0
Rudolfs Balcers,25,TOT,LW,17,3,2,5,-1,4,0.4,3,0,0,0,2,0,0,24,12.5,173,10:12,4,7,0,2,0.0
Rudolfs Balcers,25,FLA,LW,14,2,2,4,-2,4,0.2,2,0,0,0,2,0,0,21,9.5,153,10:55,4,7,0,2,0.0
Rudolfs Balcers,25,TBL,LW,3,1,0,1,1,0,0.2,1,0,0,0,0,0,0,3,33.3,21,6:53,0,0,0,0,
Alexander Barabanov,28,SJS,F,30,4,17,21,-10,8,1.2,3,1,0,0,9,8,0,57,7.0,533,17:46,22,20,0,0,
Ivan Barbashev,27,STL,C,34,5,11,16,4,15,1.3,5,0,0,1,8,3,0,55,9.1,542,15:57,14,69,41,62,39.8
Cole Bardreau,29,NYI,F,1,0,0,0,0,2,0.0,0,0,0,0,0,0,0,0,,7,6:37,0,2,0,0,
Aleksander Barkov,27,FLA,C,25,6,16,22,5,0,1.8,2,4,0,1,10,6,0,82,7.3,539,21:33,17,11,330,254,56.5
Alex Barre-Boulet,25,TBL,F,1,0,0,0,0,0,0.0,0,0,0,0,0,0,0,1,0.0,10,10:01,0,0,0,1,0.0
Tyson Barrie,31,EDM,D,35,4,23,27,2,16,3.4,2,2,0,0,6,17,0,67,6.0,703,20:05,38,24,0,0,
Morgan Barron,24,WPG,C,24,3,6,9,3,4,0.7,3,0,0,1,5,1,0,40,7.5,340,14:09,20,31,5,7,41.7
Mathew Barzal,25,NYI,C,35,5,28,33,3,16,2.8,3,2,0,0,16,12,0,83,6.0,661,18:53,18,20,67,153,30.5
Nathan Bastian,25,NJD,RW,21,3,5,8,4,15,0.7,3,0,0,1,5,0,0,26,11.5,288,13:43,18,50,5,12,29.4
Drake Batherson,24,OTT,C,33,12,19,31,-23,14,2.5,3,9,0,1,11,8,0,105,11.4,613,18:34,12,52,8,15,34.8
Gavin Bayreuther,28,CBJ,D,12,0,1,1,-2,6,0.1,0,0,0,0,1,0,0,13,0.0,181,15:04,19,14,0,0,
Jake Bean,24,CBJ,D,14,1,5,6,-2,6,0.8,1,0,0,0,4,1,0,16,6.3,220,15:42,21,13,0,0,
Ethan Bear,25,VAN,D,23,2,4,6,-4,4,0.7,2,0,0,1,4,0,0,24,8.3,430,18:41,37,20,0,0,

Nathan Beaulieu,30,ANA,D,21,0,3,3,-11,30,-0.2,0,0,0,0,3,0,0,10,0.0,276,13:09,36,28,0,0,
Anthony Beauvillier,25,NYI,LW,32,8,8,16,2,6,1.6,8,0,0,1,8,0,0,70,11.4,486,15:11,12,24,0,0,
Adam Beckman,21,MIN,LW,4,0,0,0,-1,0,-0.1,0,0,0,0,0,0,0,6,0.0,38,9:33,1,2,0,0,
Pierre-Edouard Bellemare,37,TBL,LW,30,1,2,3,-3,13,-0.3,1,0,0,0,2,0,0,15,6.7,353,11:46,24,38,138,131,51.3
Kieffer Bellows,24,TOT,LW,13,0,0,0,-6,6,-0.4,0,0,0,0,0,0,0,19,0.0,150,11:30,5,31,2,7,22.2
Kieffer Bellows,24,PHI,LW,12,0,0,0,-5,6,-0.4,0,0,0,0,0,0,0,19,0.0,142,11:52,5,28,2,7,22.2
Kieffer Bellows,24,NYI,LW,1,0,0,0,-1,0,0.0,0,0,0,0,0,0,0,0,,7,7:16,0,3,0,0,
Emil Bemstrom,23,CBJ,C,7,2,2,4,0,2,0.4,2,0,0,0,1,1,0,16,12.5,90,12:54,1,5,1,2,33.3
Matthew Beniers,20,SEA,C,32,11,14,25,5,2,2.5,8,3,0,2,12,2,0,63,17.5,551,17:13,23,38,179,218,45.1
Jamie Benn,33,DAL,LW,35,13,19,32,9,16,3.8,6,7,0,1,11,8,0,78,16.7,529,15:06,14,39,233,147,61.3
Jordie Benn,35,TOR,D,7,1,1,2,1,10,0.5,1,0,0,1,1,0,0,10,10.0,118,16:48,21,20,0,0,
Sam Bennett,26,FLA,C,35,7,16,23,-5,34,1.5,6,1,0,1,12,4,0,109,6.4,637,18:11,26,88,227,279,44.9
Matt Benning,28,SJS,D,35,1,13,14,-6,16,1.7,1,0,0,0,12,1,0,26,3.8,683,19:30,57,54,0,0,
Simon Benoit,24,ANA,D,31,0,1,1,-13,39,-0.2,0,0,0,0,1,0,0,28,0.0,575,18:34,51,87,0,0,
Tyler Benson,24,EDM,LW,2,0,0,0,0,0,0.0,0,0,0,0,0,0,0,0,,13,6:17,0,2,0,0,
Patrice Bergeron,37,BOS,C,33,13,14,27,19,4,3.5,8,5,0,2,9,5,0,110,11.8,598,18:07,26,28,460,293,61.1
Jonatan Berggren,22,DET,RW,19,4,6,10,-2,4,0.8,2,2,0,0,3,3,0,29,13.8,242,12:45,10,5,1,0,100.0
Jacob Bernard-Docker,22,OTT,D,6,0,1,1,1,7,0.3,0,0,0,0,1,0,0,6,0.0,106,17:44,6,9,0,0,
Tim Berni,22,CBJ,D,10,0,0,0,-8,6,-0.4,0,0,0,0,0,0,0,14,0.0,184,18:21,14,20,0,0,
Tyler Bertuzzi,27,DET,LW,9,1,3,4,-1,4,0.2,1,0,0,0,2,1,0,22,4.5,140,15:32,4,9,0,1,0.0
William Bitten,24,STL,C,4,0,1,1,1,0,0.1,0,0,0,0,1,0,0,0,,27,6:39,0,10,0,0,
Anders Bjork,26,BUF,LW,1,0,0,0,0,0,0.0,0,0,0,0,0,0,0,1,0.0,10,9:38,0,0,0,0,

Marcus Bjork,25,CBJ,D,20,3,6,9,-5,16,1.2,2,1,0,0,2,4,0,23,13.0,391,19:33,36,27,0,0,
Oliver Bjorkstrand,27,SEA,RW,32,4,12,16,1,4,0.9,3,1,0,0,10,2,0,86,4.7,494,15:27,22,23,7,12,36.8
Tobias Bjornfot,21,LAK,D,4,0,1,1,1,0,0.2,0,0,0,0,1,0,0,7,0.0,60,15:04,3,6,0,0,
Nick Bjugstad,30,ARI,C,32,7,5,12,6,8,1.1,6,0,1,0,5,0,0,57,12.3,528,16:30,16,73,236,279,45.8
Colin Blackwell,29,CHI,C,27,0,3,3,-8,4,-0.4,0,0,0,0,2,0,1,30,0.0,326,12:05,11,30,13,12,52.0
Sammy Blais,26,NYR,LW,30,0,5,5,4,6,0.1,0,0,0,0,5,0,0,26,0.0,297,9:54,9,100,1,3,25.0
Nick Blankenburg,24,CBJ,D,7,2,1,3,-5,4,0.3,2,0,0,1,1,0,0,13,15.4,126,18:02,13,12,0,0,
Anton Blidh,27,COL,LW,9,0,0,0,-2,4,-0.2,0,0,0,0,0,0,0,8,0.0,64,7:10,2,16,0,2,0.0
Teddy Blueger,28,PIT,C,18,1,5,6,-2,10,0.2,1,0,0,0,4,0,1,21,4.8,222,12:21,10,24,75,79,48.7
Matej Blumel,22,DAL,RW,6,1,0,1,-2,0,0.0,1,0,0,0,0,0,0,7,14.3,58,9:42,2,7,0,0,
Brock Boeser,25,VAN,RW,25,5,12,17,-15,10,0.8,2,3,0,1,9,3,0,59,8.5,406,16:14,12,15,4,13,23.5
Zach Bogosian,32,TBL,D,10,0,0,0,-4,4,-0.2,0,0,0,0,0,0,0,7,0.0,138,13:51,6,38,0,0,
Matt Boldy,21,MIN,LW,33,12,14,26,3,12,2.8,7,5,0,3,5,9,0,97,12.4,592,17:57,11,28,33,21,61.1
Nick Bonino,34,SJS,C,32,4,5,9,-6,10,0.2,4,0,0,0,4,1,0,42,9.5,515,16:06,49,9,155,158,49.5
Adam Boqvist,22,CBJ,D,5,0,0,0,-2,0,-0.1,0,0,0,0,0,0,0,5,0.0,84,16:47,5,4,0,0,
Jesper Boqvist,24,NJD,C,28,3,1,4,-3,0,0.1,3,0,0,2,1,0,0,26,11.5,288,10:18,7,14,36,60,37.5
William Borgen,26,SEA,D,32,2,8,10,5,19,1.6,2,0,0,1,8,0,0,28,7.1,498,15:34,40,84,0,0,
Mark Borowiecki,33,NSH,D,4,0,0,0,0,12,0.1,0,0,0,0,0,0,0,1,0.0,40,9:56,1,5,0,0,
Robert Bortuzzo,33,STL,D,24,0,0,0,0,23,0.2,0,0,0,0,0,0,0,15,0.0,291,12:08,22,35,0,0,
Evan Bouchard,23,EDM,D,35,3,11,14,-12,12,1.0,3,0,0,0,7,3,1,77,3.9,644,18:24,35,52,0,0,

Shane Bowers,23,COL,C,1,0,0,0,0,0,0.0,0,0,0,0,0,0,0,1,0.0,2,1:46,0,0,0,2,0.0
Travis Boyd,29,ARI,C,32,3,10,13,-13,12,0.1,2,1,0,1,6,4,0,39,7.7,562,17:35,21,13,225,254,47.0
Erik Brannstrom,23,OTT,D,32,0,3,3,-1,18,0.9,0,0,0,0,3,0,0,33,0.0,506,15:49,56,22,0,0,
Derick Brassard,35,OTT,C,24,4,4,8,1,14,0.8,4,0,0,1,1,3,0,41,9.8,338,14:04,5,40,117,107,52.2
Jesper Bratt,24,NJD,W,34,12,21,33,13,4,3.9,7,5,0,2,13,8,0,89,13.5,596,17:32,11,12,0,0,
Justin Braun,35,PHI,D,32,0,0,0,0,17,0.6,0,0,0,0,0,0,0,27,0.0,520,16:16,35,32,0,0,
Guillaume Brisebois,25,VAN,D,3,0,1,1,1,0,0.2,0,0,0,0,1,0,0,3,0.0,51,16:52,4,1,0,0,
Philip Broberg,21,EDM,D,11,0,1,1,-3,2,-0.1,0,0,0,0,1,0,0,4,0.0,137,12:25,13,6,0,0,
T.J. Brodie,32,TOR,D,22,1,4,5,3,4,1.3,1,0,0,0,3,0,1,26,3.8,468,21:16,34,21,0,0,
Jonas Brodin,29,MIN,D,27,0,4,4,5,14,1.5,0,0,0,0,3,0,1,37,0.0,596,22:04,53,22,0,0,
Jonny Brodzinski,29,NYR,C,9,1,1,2,4,4,0.3,1,0,0,0,1,0,0,17,5.9,86,9:32,2,8,36,31,53.7
Connor Brown,29,WSH,RW,4,0,0,0,-3,0,-0.2,0,0,0,0,0,0,0,2,0.0,67,16:46,1,6,2,3,40.0
Josh Brown,29,ARI,D,28,3,2,5,-5,23,0.9,3,0,0,0,2,0,0,27,11.1,493,17:36,57,65,0,0,
Logan Brown,24,STL,C,7,0,1,1,-2,0,-0.1,0,0,0,0,1,0,0,5,0.0,64,9:06,3,5,5,18,21.7
Patrick Brown,30,PHI,C,16,1,1,2,-2,2,-0.1,1,0,0,0,1,0,0,17,5.9,182,11:22,16,38,46,41,52.9
Jacob Bryson,25,BUF,D,25,1,7,8,-15,4,-0.1,1,0,0,0,6,0,1,14,7.1,417,16:42,38,14,0,0,
Pavel Buchnevich,27,STL,LW,25,12,14,26,0,14,2.9,7,5,0,2,8,6,0,55,21.8,474,18:57,5,24,4,22,15.4
Michael Bunting,27,TOR,LW,34,9,15,24,19,42,2.9,9,0,0,1,13,2,0,64,14.1,535,15:44,11,37,1,1,50.0
Andre Burakovsky,27,SEA,LW,32,10,18,28,-9,12,2.2,6,4,0,2,12,6,0,79,12.7,553,17:17,8,11,0,4,0.0
Callahan Burke,25,COL,C,2,0,0,0,-1,0,-0.1,0,0,0,0,0,0,0,2,0.0,18,8:49,2,1,2,4,33.3

Brent Burns,37,CAR,D,34,4,19,23,6,26,4.0,2,2,0,1,10,9,0,108,3.7,807,23:44,36,21,0,0,
Kyle Burroughs,27,VAN,D,17,2,0,2,-10,30,-0.2,2,0,0,0,0,0,0,15,13.3,298,17:32,36,56,0,0,
Quinton Byfield,20,LAK,C,8,0,3,3,-1,4,0.1,0,0,0,0,3,0,0,5,0.0,94,11:46,2,4,31,33,48.4
Bowen Byram,21,COL,D,10,2,3,5,3,4,1.2,1,0,1,0,2,1,0,11,18.2,208,20:47,11,15,0,0,
Drake Caggiula,28,PIT,LW,3,0,0,0,-1,0,-0.1,0,0,0,0,0,0,0,2,0.0,22,7:28,1,5,0,1,0.0
Kyle Capobianco,25,WPG,D,6,1,0,1,2,4,0.4,1,0,0,1,0,0,0,4,25.0,80,13:18,2,9,0,0,
Brandon Carlo,26,BOS,D,29,1,5,6,16,16,2.2,1,0,0,0,4,0,1,40,2.5,542,18:41,45,62,0,0,
John Carlson,33,WSH,D,30,8,13,21,-1,6,3.5,5,2,1,0,8,5,0,101,7.9,702,23:24,70,34,0,0,
Lucas Carlsson,25,FLA,D,2,0,0,0,-1,2,-0.1,0,0,0,0,0,0,0,2,0.0,20,10:06,1,3,0,0,
Ryan Carpenter,32,NYR,C,21,1,2,3,-5,10,-0.1,1,0,0,0,2,0,0,17,5.9,202,9:36,11,35,67,57,54.0
Sam Carrick,30,ANA,C,20,1,2,3,-6,21,-0.2,1,0,0,0,2,0,0,19,5.3,206,10:19,11,38,76,88,46.3
Alexandre Carrier,26,NSH,D,26,2,1,3,-2,12,0.9,2,0,0,1,1,0,0,31,6.5,477,18:20,31,32,0,0,
William Carrier,28,VEG,LW,35,10,3,13,4,12,1.7,10,0,0,4,3,0,0,78,12.8,438,12:30,14,88,1,4,20.0
Jeff Carter,38,PIT,C,30,4,10,14,-2,12,0.9,3,1,0,1,5,4,1,53,7.5,439,14:38,31,33,223,164,57.6
Jackson Cates,25,PHI,C,5,0,0,0,0,0,-0.1,0,0,0,0,0,0,0,4,0.0,45,8:59,1,3,9,10,47.4
Noah Cates,23,PHI,LW,35,3,9,12,0,2,0.5,3,0,0,1,5,3,1,40,7.5,629,17:59,31,56,147,243,37.7
Cole Caufield,22,MTL,RW,34,19,9,28,-6,0,3.4,15,4,0,1,7,2,0,114,16.7,608,17:53,6,12,0,0,
Cody Ceci,29,EDM,D,35,1,6,7,7,12,1.6,1,0,0,0,6,0,0,36,2.8,735,20:59,51,55,0,0,
Erik Cernak,25,TBL,D,28,1,6,7,7,20,1.6,1,0,0,0,6,0,0,26,3.8,559,19:59,55,93,0,0,
Thomas Chabot,26,OTT,D,28,7,11,18,-6,22,3.0,2,5,0,0,6,5,0,70,10.0,727,25:58,40,32,0,0,

Rourke Chartier,26,OTT,C,6,0,0,0,0,0,-0.1,0,0,0,0,0,0,0,8,0.0,62,10:20,3,10,19,14,57.6
Jalen Chatfield,26,CAR,D,34,1,1,2,2,19,1.0,1,0,0,0,1,0,0,35,2.9,442,13:01,32,42,0,0,
Ben Chiarot,31,DET,D,32,2,6,8,-13,29,0.6,2,0,0,0,6,0,0,48,4.2,667,20:51,67,68,0,0,
Yegor Chinakhov,21,CBJ,RW,30,4,9,13,-6,10,0.8,3,1,0,0,8,1,0,44,9.1,398,13:15,17,27,1,2,33.3
Jake Christiansen,23,CBJ,D,17,0,2,2,-3,4,0.2,0,0,0,0,2,0,0,19,0.0,236,13:52,17,17,0,0,
Jakob Chychrun,24,ARI,D,16,3,10,13,8,12,2.5,2,1,0,0,9,1,0,56,5.4,361,22:33,24,21,0,0,
Filip Chytil,23,NYR,C,27,8,9,17,10,22,2.1,7,1,0,2,9,0,0,49,16.3,383,14:10,19,23,84,141,37.3
Nick Cicek,22,SJS,D,10,0,4,4,-3,11,0.3,0,0,0,0,4,0,0,1,0.0,150,14:59,11,14,0,0,
Anthony Cirelli,25,TBL,C,9,1,6,7,3,0,0.6,0,1,0,0,6,0,0,24,4.2,138,15:21,5,4,52,54,49.1
Casey Cizikas,31,NYI,C,34,2,5,7,0,40,0.2,2,0,0,0,5,0,0,37,5.4,444,13:04,26,72,220,193,53.3
Kale Clague,24,BUF,D,12,0,2,2,2,6,0.4,0,0,0,0,2,0,0,9,0.0,198,16:28,12,13,0,0,
Brandt Clarke,19,LAK,D,9,0,2,2,-1,6,0.2,0,0,0,0,1,1,0,11,0.0,123,13:39,14,3,0,0,
Kyle Clifford,32,TOR,LW,2,0,1,1,1,2,0.1,0,0,0,0,1,0,0,2,0.0,16,7:55,0,6,0,0,
Connor Clifton,27,BOS,D,33,3,9,12,12,30,2.8,3,0,0,0,9,0,0,54,5.6,628,19:02,40,92,0,0,
Cal Clutterbuck,35,NYI,RW,26,3,2,5,4,14,0.4,3,0,0,0,2,0,0,21,14.3,318,12:15,21,98,1,3,25.0
Dylan Coghlan,24,CAR,D,7,0,2,2,0,2,0.3,0,0,0,0,2,0,0,13,0.0,99,14:06,3,7,0,0,
Andrew Cogliano,35,COL,LW,30,4,3,7,6,6,0.7,4,0,0,0,2,0,1,43,9.3,417,13:54,21,19,11,14,44.0
Ian Cole,33,TBL,D,29,3,9,12,14,24,2.8,3,0,0,0,9,0,0,45,6.7,546,18:50,52,48,0,0,
Blake Coleman,31,CGY,C,35,5,7,12,-2,26,0.7,5,0,0,0,7,0,0,67,7.5,513,14:40,23,54,6,4,60.0
Ross Colton,26,TBL,C,31,8,7,15,-4,18,1.4,6,2,0,1,4,3,0,51,15.7,366,11:49,11,69,59,51,53.6

J.T. Compher,27,COL,LW,32,5,12,17,1,8,1.2,3,2,0,2,9,3,0,54,9.3,635,19:51,30,14,329,334,49.6
Max Comtois,24,ANA,LW,24,5,0,5,-8,53,0.2,5,0,0,0,0,0,0,34,14.7,317,13:13,10,41,7,11,38.9
Kyle Connor,26,WPG,LW,34,15,23,38,4,2,3.9,12,3,0,5,12,11,0,118,12.7,693,20:23,15,22,0,0,
Andrew Copp,28,DET,C,32,3,15,18,-5,8,0.9,2,1,0,1,14,1,0,43,7.0,557,17:24,13,14,216,241,47.3
Paul Cotter,23,VEG,C,22,4,2,6,0,8,0.6,4,0,0,1,2,0,0,29,13.8,256,11:37,9,66,9,8,52.9
Nick Cousins,29,FLA,C,32,3,8,11,-1,13,0.6,3,0,0,2,8,0,0,49,6.1,356,11:07,14,25,23,25,47.9
Logan Couture,33,SJS,C,35,14,14,28,-12,11,2.5,10,3,1,0,7,7,0,79,17.7,657,18:46,31,57,286,336,46.0
Charlie Coyle,30,BOS,C,33,9,8,17,14,16,2.0,8,0,1,0,7,0,1,58,15.5,554,16:47,21,27,207,169,55.1
Dylan Cozens,21,BUF,C,32,11,20,31,1,18,3.0,8,2,1,0,11,8,1,83,13.3,548,17:07,13,24,235,246,48.9
Joseph Cramarossa,30,MIN,C,4,1,0,1,0,4,0.1,1,0,0,0,0,0,0,1,100.0,31,7:48,1,8,0,1,0.0
Sidney Crosby,35,PIT,C,33,19,24,43,4,16,4.9,16,3,0,6,17,7,0,97,19.6,657,19:55,16,36,377,339,52.7
Lawson Crouse,25,ARI,LW,31,13,4,17,-2,20,1.9,10,3,0,1,4,0,0,59,22.0,552,17:48,22,72,9,12,42.9
Austin Czarnik,30,DET,C,12,2,1,3,1,2,0.3,2,0,0,0,1,0,0,13,15.4,137,11:27,6,12,4,15,21.1
Kirby Dach,22,MTL,C,34,5,17,22,-2,24,1.6,4,1,0,2,10,7,0,55,9.1,600,17:39,14,24,32,53,37.6
Evgenii Dadonov,33,MTL,RW,28,2,5,7,-8,10,0.0,2,0,0,0,5,0,0,33,6.1,393,14:02,20,12,2,5,28.6
Rasmus Dahlin,22,BUF,D,31,10,27,37,16,40,5.9,6,4,0,2,11,16,0,97,10.3,812,26:11,56,46,0,0,
Zac Dalpe,33,FLA,RW,10,2,2,4,-3,2,0.3,2,0,0,0,2,0,0,13,15.4,98,9:48,6,10,21,17,55.3
Phillip Danault,29,LAK,C,37,9,15,24,-4,22,1.7,7,2,0,1,7,7,1,73,12.3,671,18:08,40,36,322,293,52.4
Justin Danforth,29,CBJ,RW,6,2,1,3,-3,4,0.2,2,0,0,0,1,0,0,10,20.0,80,13:23,1,7,4,9,30.8
Laurent Dauphin,27,ARI,C,1,0,0,0,0,0,0.0,0,0,0,0,0,0,0,1,0.0,8,8:28,0,0,4,1,80.0

Jeremy Davies,26,BUF,D,1,0,0,0,0,2,0.0,0,0,0,0,0,0,0,1,0.0,9,8:33,1,0,0,0,
Calvin de Haan,31,CAR,D,27,1,5,6,0,12,1.1,1,0,0,0,5,0,0,23,4.3,345,12:47,29,45,0,0,
Anthony DeAngelo,27,PHI,D,30,6,12,18,-14,34,2.2,3,3,0,0,6,6,0,74,8.1,730,24:21,40,20,0,0,
Alex DeBrincat,25,OTT,RW,33,10,22,32,-10,10,2.9,5,5,0,1,8,14,0,116,8.6,645,19:33,16,42,3,1,75.0
Jake DeBrusk,26,BOS,LW,32,13,13,26,13,8,3.2,8,5,0,3,7,5,1,96,13.5,546,17:03,13,44,2,5,28.6
Ty Dellandrea,22,DAL,C,35,5,9,14,2,23,1.0,5,0,0,2,8,0,1,41,12.2,500,14:17,23,57,41,41,50.0
Dylan DeMelo,29,WPG,D,30,1,8,9,8,18,2.2,1,0,0,0,6,0,2,39,2.6,567,18:55,33,55,0,0,
Grigori Denisenko,22,FLA,LW,6,0,1,1,-2,0,-0.1,0,0,0,0,1,0,0,4,0.0,62,10:23,0,9,0,0,
Semyon Der-Arguchintsev,22,TOR,C,1,0,0,0,1,0,0.0,0,0,0,0,0,0,0,0,,7,7:16,0,0,0,0,
Nick DeSimone,28,CGY,D,4,0,0,0,-4,2,-0.3,0,0,0,0,0,0,0,4,0.0,45,11:15,4,2,0,0,
Nicolas Deslauriers,31,PHI,LW,35,1,4,5,-5,64,-0.2,1,0,0,0,4,0,0,22,4.5,360,10:18,11,145,1,3,25.0
Connor Dewar,23,MIN,C,32,5,6,11,1,29,1.0,2,0,3,0,5,0,1,36,13.9,362,11:18,20,52,77,89,46.4
Jason Dickinson,27,CHI,C,28,4,6,10,-10,12,0.4,3,1,0,1,4,0,2,38,10.5,429,15:20,27,41,135,130,50.9
Brenden Dillon,32,WPG,D,34,0,9,9,1,44,1.7,0,0,0,0,8,0,1,43,0.0,683,20:05,48,90,0,0,
Noah Dobson,23,NYI,D,35,10,13,23,0,8,3.8,7,3,0,2,7,6,0,101,9.9,727,20:46,50,31,0,0,
Max Domi,27,CHI,LW,32,11,12,23,-10,37,2.2,5,6,0,2,7,5,0,70,15.7,594,18:34,9,10,228,182,55.6
Ryan Donato,26,SEA,C,28,7,3,10,8,16,1.3,7,0,0,0,2,1,0,48,14.6,311,11:07,4,27,21,21,50.0
Pavel Dorofeyev,22,VEG,LW,1,0,0,0,0,0,0.0,0,0,0,0,0,0,0,0,,11,11:14,1,0,0,0,
Drew Doughty,33,LAK,D,36,2,18,20,3,22,3.0,0,2,0,0,10,8,0,67,3.0,955,26:31,53,53,0,0,
Nic Dowd,32,WSH,C,35,8,6,14,7,18,1.7,8,0,0,2,5,0,1,33,24.2,457,13:03,31,74,234,233,50.1

Leon Draisaitl,27,EDM,C,35,21,35,56,3,16,5.9,8,13,0,8,21,13,1,113,18.6,781,22:19,23,19,343,307,52.8
Sheldon Dries,28,VAN,C,19,3,4,7,-7,8,0.3,2,1,0,0,3,1,0,32,9.4,210,11:04,9,19,93,82,53.1
Jonathan Drouin,27,MTL,LW,18,0,5,5,-8,2,-0.2,0,0,0,0,2,3,0,21,0.0,250,13:55,5,13,18,21,46.2
Jack Drury,22,CAR,C,21,0,2,2,4,10,0.0,0,0,0,0,2,0,0,32,0.0,206,9:50,9,6,47,37,56.0
Jamie Drysdale,20,ANA,D,8,0,0,0,-3,2,-0.1,0,0,0,0,0,0,0,8,0.0,141,17:37,6,7,0,0,
Dillon Dube,24,CGY,C,35,8,12,20,3,14,1.9,6,0,2,0,11,1,0,60,13.3,538,15:23,8,51,22,31,41.5
Pierre-Luc Dubois,24,WPG,LW,34,15,22,37,1,28,3.9,9,6,0,1,14,8,0,87,17.2,619,18:12,25,33,217,225,49.1
Matt Duchene,32,NSH,C,32,10,16,26,-4,26,2.4,7,3,0,1,13,3,0,78,12.8,582,18:11,16,7,48,41,53.9
Brandon Duhaime,25,MIN,RW,14,3,1,4,4,20,0.6,2,0,1,1,1,0,0,21,14.3,133,9:29,5,40,0,1,0.0
Mathew Dumba,28,MIN,D,33,3,6,9,-1,38,1.9,3,0,0,2,6,0,0,45,6.7,692,20:58,47,44,0,0,
Brian Dumoulin,31,PIT,D,33,0,8,8,0,6,1.3,0,0,0,0,7,0,1,21,0.0,655,19:50,62,51,0,0,
Vince Dunn,26,SEA,D,32,4,14,18,10,20,2.9,4,0,0,0,7,7,0,51,7.8,763,23:50,36,42,0,0,
Joshua Dunne,24,CBJ,C,3,0,0,0,-1,0,-0.1,0,0,0,0,0,0,0,0,,17,5:44,0,3,3,5,37.5
Sean Durzi,24,LAK,D,34,4,16,20,-7,16,2.3,3,1,0,1,7,9,0,47,8.5,686,20:10,63,40,0,0,
Christian Dvorak,26,MTL,C,34,7,7,14,-2,0,1.1,7,0,0,1,6,1,0,53,13.2,573,16:51,34,4,247,219,53.0
Jordan Eberle,32,SEA,RW,32,8,17,25,7,12,2.3,7,1,0,2,12,5,0,72,11.1,520,16:15,7,19,9,9,50.0
Alexander Edler,36,LAK,D,31,1,5,6,-2,20,0.9,1,0,0,1,5,0,0,32,3.1,471,15:11,60,60,0,0,
Joel Edmundson,29,MTL,D,24,1,3,4,-7,21,0.4,1,0,0,0,3,0,0,27,3.7,482,20:05,74,41,0,0,
Nikolaj Ehlers,26,WPG,LW,2,0,3,3,0,0,0.2,0,0,0,0,2,1,0,7,0.0,38,19:00,1,2,0,0,
Jack Eichel,26,VEG,C,27,13,16,29,17,0,3.9,12,1,0,2,9,7,0,100,13.0,508,18:49,23,20,130,175,42.6

Aaron Ekblad,26,FLA,D,24,4,10,14,-14,32,1.0,3,1,0,0,3,7,0,72,5.6,577,24:03,33,24,0,0,
Mattias Ekholm,32,NSH,D,32,2,8,10,2,10,2.2,2,0,0,0,6,2,0,56,3.6,695,21:43,38,46,0,0,
Oliver Ekman-Larsson,31,VAN,D,33,1,14,15,-10,16,1.2,1,0,0,0,10,3,1,57,1.8,679,20:35,26,50,0,0,
Lars Eller,33,WSH,C,35,6,7,13,1,24,1.1,6,0,0,0,7,0,0,50,12.0,538,15:23,19,46,239,217,52.4
Andreas Englund,27,COL,D,15,0,1,1,-2,5,0.2,0,0,0,0,1,0,0,6,0.0,181,12:03,9,59,0,0,
Pierre Engvall,26,TOR,LW,32,6,5,11,7,21,1.2,5,1,0,2,5,0,0,52,11.5,403,12:37,4,31,19,19,50.0
Mackenzie Entwistle,23,CHI,RW,32,2,3,5,-7,6,-0.1,2,0,0,0,2,1,0,25,8.0,373,11:40,14,56,43,43,50.0
Joel Eriksson Ek,26,MIN,C,33,12,15,27,1,18,2.8,6,5,1,0,10,5,0,104,11.5,646,19:35,23,49,299,315,48.7
Adam Erne,27,DET,LW,32,5,8,13,-3,6,0.8,5,0,0,1,7,0,1,31,16.1,461,14:24,33,95,6,8,42.9
Jake Evans,26,MTL,C,34,1,6,7,-7,13,-0.2,0,1,0,0,6,0,0,33,3.0,483,14:13,25,10,210,196,51.7
Michael Eyssimont,26,WPG,C,17,1,4,5,6,7,0.5,1,0,0,0,4,0,0,24,4.2,176,10:23,5,34,1,3,25.0
Dante Fabbro,24,NSH,D,31,1,5,6,0,16,1.3,1,0,0,0,5,0,0,45,2.2,516,16:38,50,35,0,0,
Samuel Fagemo,22,LAK,LW,3,1,1,2,0,0,0.2,1,0,0,0,1,0,0,1,100.0,26,8:39,3,3,0,0,
Radek Faksa,29,DAL,C,35,3,3,6,5,19,0.2,2,0,1,1,3,0,0,25,12.0,460,13:09,30,30,124,99,55.6
Joel Farabee,22,PHI,LW,35,6,12,18,0,19,1.4,6,0,0,1,12,0,0,66,9.1,608,17:22,22,41,9,13,40.9
Hudson Fasching,27,NYI,RW,8,2,0,2,3,2,0.4,2,0,0,0,0,0,0,8,25.0,88,11:03,2,11,1,2,33.3
Jesper Fast,31,CAR,RW,32,4,9,13,7,4,1.2,4,0,0,1,8,0,1,30,13.3,483,15:05,16,42,4,3,57.1
Justin Faulk,30,STL,D,34,5,14,19,-5,10,2.6,4,1,0,2,10,4,0,89,5.6,791,23:15,54,67,0,0,
Martin Fehervary,23,WSH,D,26,2,2,4,1,10,1.2,2,0,0,0,2,0,0,36,5.6,522,20:05,39,83,0,0,
Mario Ferraro,24,SJS,D,25,1,4,5,-15,8,0.1,1,0,0,0,3,1,0,27,3.7,566,22:39,50,31,0,1,0.0

Kevin Fiala,26,LAK,LW,37,10,25,35,2,26,3.1,7,3,0,1,18,7,0,108,9.3,650,17:33,14,26,7,5,58.3
Christian Fischer,25,ARI,RW,32,6,6,12,2,14,1.0,5,0,1,0,6,0,0,49,12.2,496,15:29,18,55,1,17,5.6
Casey Fitzgerald,25,BUF,D,23,0,3,3,-1,4,0.3,0,0,0,0,3,0,0,12,0.0,300,13:03,12,29,0,0,
Trey Fix-Wolansky,23,CBJ,RW,4,0,0,0,0,0,-0.1,0,0,0,0,0,0,0,6,0.0,40,9:56,4,5,0,0,
Cale Fleury,24,SEA,D,6,0,0,0,-1,0,-0.1,0,0,0,0,0,0,0,5,0.0,79,13:06,6,14,0,0,
Haydn Fleury,26,TBL,D,16,0,1,1,-2,2,0.1,0,0,0,0,1,0,0,16,0.0,197,12:20,15,19,0,0,
Warren Foegele,26,EDM,LW,24,4,3,7,-1,10,0.4,3,0,1,2,3,0,0,40,10.0,294,12:14,7,45,4,4,50.0
Steven Fogarty,29,MIN,C,2,0,0,0,0,0,0.0,0,0,0,0,0,0,0,0,,21,10:19,0,3,2,2,50.0
Marcus Foligno,31,MIN,LW,27,3,7,10,-3,46,0.5,3,0,0,0,5,2,0,36,8.3,407,15:04,13,90,4,6,40.0
Nick Foligno,35,BOS,LW,33,6,10,16,8,26,1.7,4,2,0,1,7,3,0,40,15.0,398,12:04,20,70,16,10,61.5
Callan Foote,24,TBL,D,17,1,2,3,0,20,0.5,1,0,0,0,2,0,0,14,7.1,251,14:47,13,28,0,0,
Derek Forbort,30,BOS,D,22,2,5,7,5,6,1.5,1,0,1,1,5,0,0,20,10.0,404,18:23,30,50,0,0,
Filip Forsberg,28,NSH,C,32,9,16,25,-7,12,2.1,7,2,0,1,8,8,0,103,8.7,574,17:57,14,53,0,0,
Gustav Forsling,26,FLA,D,35,5,17,22,12,20,3.8,4,1,0,1,14,2,1,103,4.9,847,24:12,46,32,0,0,
Gabriel Fortier,22,TBL,LW,1,0,0,0,0,0,0.0,0,0,0,0,0,0,0,0,,8,8:25,0,1,0,0,
Jean-Luc Foudy,20,COL,C,9,0,0,0,-3,6,-0.2,0,0,0,0,0,0,0,12,0.0,90,10:02,2,2,0,3,0.0
Liam Foudy,22,CBJ,C,17,0,3,3,-11,4,-0.4,0,0,0,0,3,0,0,8,0.0,180,10:35,5,20,0,5,0.0
Cam Fowler,31,ANA,D,35,4,13,17,-10,4,2.3,1,3,0,0,8,5,0,57,7.0,852,24:20,34,10,0,0,
Adam Fox,24,NYR,D,35,7,28,35,13,12,5.7,6,1,0,3,15,12,1,70,10.0,874,24:58,48,15,0,0,
Trent Frederic,24,BOS,C,30,6,7,13,17,20,1.8,6,0,0,3,7,0,0,38,15.8,332,11:04,11,43,2,5,28.6

Morgan Frost,23,PHI,C,34,7,7,14,0,16,1.2,7,0,0,1,6,1,0,54,13.0,518,15:14,22,37,151,200,43.0
Jonah Gadjovich,24,SJS,LW,19,1,1,2,-6,35,-0.2,1,0,0,0,1,0,0,13,7.7,165,8:40,2,47,1,3,25.0
Sam Gagner,33,WPG,C,31,6,5,11,1,8,1.0,5,1,0,1,3,2,0,58,10.3,406,13:05,11,10,11,28,28.2
Alex Galchenyuk,28,COL,C,4,0,0,0,-3,4,-0.2,0,0,0,0,0,0,0,2,0.0,39,9:50,2,4,2,1,66.7
Brendan Gallagher,30,MTL,RW,22,3,5,8,-3,10,0.5,3,0,0,1,3,2,0,51,5.9,316,14:21,7,10,4,7,36.4
Dylan Gambrell,26,OTT,C,15,1,0,1,-2,11,-0.1,1,0,0,0,0,0,0,13,7.7,160,10:38,8,13,32,45,41.6
Conor Garland,26,VAN,RW,32,5,11,16,-8,21,0.8,4,1,0,1,7,4,0,64,7.8,481,15:03,7,16,3,3,50.0
Frederick Gaudreau,29,MIN,C,33,8,6,14,3,2,1.4,6,1,1,1,5,0,1,64,12.5,531,16:05,20,20,202,209,49.1
Johnny Gaudreau,29,CBJ,LW,33,10,24,34,-16,10,2.6,10,0,0,2,15,9,0,93,10.8,657,19:55,6,3,0,0,
Brendan Gaunce,28,CBJ,C,5,0,1,1,-1,2,0.0,0,0,0,0,1,0,0,9,0.0,52,10:28,2,4,33,23,58.9
Julien Gauthier,25,NYR,RW,24,5,3,8,2,4,0.9,5,0,0,0,3,0,0,20,25.0,212,8:50,5,47,3,4,42.9
Vladislav Gavrikov,27,CBJ,D,33,2,7,9,-3,18,1.6,2,0,0,2,6,0,1,38,5.3,744,22:33,65,34,0,0,
Glenn Gawdin,25,ANA,C,3,0,0,0,-1,0,-0.1,0,0,0,0,0,0,0,3,0.0,29,9:36,3,4,8,14,36.4
Morgan Geekie,24,SEA,C,26,4,9,13,16,16,1.7,4,0,0,3,9,0,0,24,16.7,264,10:09,17,24,118,135,46.6
Dennis Gilbert,26,CGY,D,8,0,1,1,-1,20,0.1,0,0,0,0,1,0,0,5,0.0,82,10:16,6,18,0,0,
Mark Giordano,39,TOR,D,34,1,9,10,13,31,2.7,0,0,1,1,9,0,0,43,2.3,670,19:43,66,30,0,0,
Samuel Girard,24,COL,D,26,2,4,6,-8,10,0.9,2,0,0,1,2,2,0,46,4.3,528,20:19,27,24,0,0,
Zemgus Girgensons,29,BUF,C,31,3,4,7,0,8,0.2,3,0,0,0,4,0,0,31,9.7,386,12:28,20,33,52,59,46.8
Claude Giroux,35,OTT,C,33,14,15,29,1,8,3.4,11,3,0,2,6,8,1,82,17.1,601,18:13,13,27,236,143,62.3
Cody Glass,23,NSH,C,22,2,6,8,2,4,0.6,2,0,0,0,5,1,0,30,6.7,269,12:13,5,19,88,90,49.4

Luke Glendening,33,DAL,C,35,2,2,4,-5,37,-0.4,1,0,1,0,2,0,0,31,6.5,429,12:15,30,47,182,117,60.9
Alex Goligoski,37,MIN,D,15,1,2,3,-3,0,0.5,1,0,0,1,2,0,0,25,4.0,257,17:08,23,12,0,0,
Barclay Goodrow,29,NYR,RW,35,8,10,18,1,34,1.6,8,0,0,1,8,1,1,45,17.8,528,15:05,22,51,114,130,46.7
Shayne Gostisbehere,29,ARI,D,32,8,16,24,-6,10,3.3,4,3,1,1,10,6,0,69,11.6,706,22:04,40,17,0,0,
Yanni Gourde,31,SEA,C,31,4,15,19,7,34,1.4,3,0,1,0,15,0,0,54,7.4,520,16:47,17,49,153,164,48.3
Mikael Granlund,30,NSH,C,32,4,16,20,-12,4,0.9,3,1,0,0,10,6,0,42,9.5,613,19:09,25,34,99,133,42.7
Derek Grant,32,ANA,C,15,2,1,3,-6,8,-0.1,2,0,0,0,1,0,0,22,9.1,207,13:48,10,17,81,76,51.6
Kevin Gravel,30,NSH,D,4,0,0,0,-3,0,-0.1,0,0,0,0,0,0,0,2,0.0,59,14:38,6,7,0,0,
Ryan Graves,27,NJD,D,33,3,6,9,18,8,3.0,3,0,0,0,5,0,1,49,6.1,610,18:29,53,42,0,0,
Jordan Greenway,25,MIN,LW,17,1,2,3,1,10,0.1,1,0,0,0,2,0,0,24,4.2,236,13:52,9,20,0,1,0.0
A.J. Greer,26,BOS,LW,23,3,4,7,2,35,0.6,3,0,0,0,4,0,0,21,14.3,214,9:18,10,52,0,0,
Noah Gregor,24,SJS,C,18,2,0,2,-2,9,0.0,2,0,0,0,0,0,0,35,5.7,216,12:00,10,21,1,4,20.0
Jordan Gross,27,NSH,D,10,3,0,3,-3,2,0.6,2,1,0,0,0,0,0,20,15.0,188,18:49,12,10,0,0,
Carl Grundstrom,25,LAK,RW,33,6,4,10,-6,10,0.6,5,1,0,1,4,0,0,49,12.2,380,11:31,8,88,2,3,40.0
Matt Grzelcyk,29,BOS,D,29,1,8,9,14,16,2.4,1,0,0,1,8,0,0,42,2.4,506,17:27,37,19,0,0,
Radko Gudas,32,FLA,D,25,2,4,6,2,39,1.1,2,0,0,0,4,0,0,49,4.1,470,18:49,41,95,0,0,
Erik Gudbranson,31,CBJ,D,32,1,7,8,-15,28,0.5,1,0,0,1,7,0,0,47,2.1,652,20:23,65,61,0,0,
Dylan Guenther,19,ARI,RW,21,3,8,11,-5,8,0.7,0,3,0,1,6,2,0,26,11.5,259,12:21,7,11,1,2,33.3
Jake Guentzel,28,PIT,C,29,15,18,33,3,20,3.7,10,5,0,3,15,3,0,89,16.9,572,19:42,5,35,4,5,44.4
Kaiden Guhle,21,MTL,D,34,1,12,13,-11,21,1.2,1,0,0,0,12,0,0,33,3.0,710,20:53,60,65,0,0,

Denis Gurianov,25,DAL,RW,25,2,3,5,-4,4,0.0,2,0,0,0,3,0,0,41,4.9,323,12:55,12,9,0,0,
David Gustafsson,22,WPG,C,33,0,4,4,2,4,-0.1,0,0,0,0,3,0,1,30,0.0,340,10:18,15,13,61,80,43.3
Erik Gustafsson,30,WSH,D,35,4,13,17,2,17,2.9,4,0,0,1,9,4,0,59,6.8,678,19:22,36,27,0,0,
Brandon Hagel,24,TBL,LW,32,12,14,26,9,20,2.9,8,3,1,1,11,3,0,59,20.3,600,18:45,22,25,14,33,29.8
Robert Hagg,27,DET,D,13,0,2,2,-8,10,-0.2,0,0,0,0,2,0,0,19,0.0,204,15:43,17,36,0,0,
Nicolas Hague,24,VEG,D,35,1,6,7,-4,6,1.2,1,0,0,0,6,0,0,45,2.2,597,17:04,59,43,0,0,
Libor Hajek,24,NYR,D,16,1,0,1,2,4,0.5,1,0,0,0,0,0,0,13,7.7,212,13:16,20,17,0,0,
Jani Hakanpaa,30,DAL,D,35,4,4,8,9,36,2.3,4,0,0,1,4,0,0,33,12.1,662,18:55,55,94,0,0,
Taylor Hall,31,BOS,LW,33,13,14,27,11,16,3.3,10,3,0,5,12,2,0,91,14.3,529,16:02,15,15,2,4,33.3
Filip Hallander,22,PIT,C,2,0,0,0,0,0,0.0,0,0,0,0,0,0,0,0,,20,9:58,3,1,0,0,
James Hamblin,23,EDM,F,9,0,0,0,-2,2,-0.2,0,0,0,0,0,0,0,11,0.0,78,8:40,1,2,24,14,63.2
Dougie Hamilton,29,NJD,D,34,7,21,28,10,22,4.8,5,2,0,3,10,11,0,118,5.9,754,22:11,33,27,0,0,
Travis Hamonic,32,OTT,D,33,3,3,6,-6,28,1.3,3,0,0,0,3,0,0,52,5.8,613,18:35,52,46,0,0,
Noah Hanifin,26,CGY,D,34,3,12,15,7,29,2.9,2,1,0,0,9,2,1,84,3.6,766,22:32,62,44,0,0,
Joel Hanley,31,DAL,D,8,0,0,0,4,13,0.4,0,0,0,0,0,0,0,6,0.0,88,11:01,9,8,0,0,
Jansen Harkins,25,WPG,C,19,3,2,5,5,12,0.6,3,0,0,0,2,0,0,18,16.7,214,11:17,9,11,2,7,22.2
Ben Harpur,28,NYR,D,5,0,1,1,0,2,0.2,0,0,0,0,1,0,0,4,0.0,67,13:20,6,6,0,0,
Scott Harrington,29,SJS,D,9,1,4,5,2,4,0.9,1,0,0,1,4,0,0,8,12.5,135,15:01,13,7,0,0,
Jordan Harris,22,MTL,D,30,1,10,11,-1,12,1.6,1,0,0,0,9,1,0,35,2.9,553,18:26,47,28,0,0,
Ryan Hartman,28,MIN,RW,12,2,4,6,2,18,0.6,2,0,0,1,3,0,1,28,7.1,184,15:19,6,16,36,46,43.9

Garnet Hathaway,31,WSH,RW,36,3,5,8,5,35,0.6,3,0,0,0,5,0,0,37,8.1,441,12:15,38,124,3,5,37.5
Erik Haula,31,NJD,LW,34,2,12,14,8,29,0.9,1,1,0,0,10,2,0,67,3.0,568,16:43,26,40,250,185,57.5
Kevin Hayes,30,PHI,RW,34,9,21,30,-14,15,2.3,7,2,0,1,12,9,0,94,9.6,635,18:41,14,24,189,212,47.1
Barrett Hayton,22,ARI,C,32,1,4,5,-12,10,-0.7,1,0,0,0,3,1,0,51,2.0,474,14:49,9,40,187,187,50.0
Dillon Heatherington,27,OTT,D,1,0,0,0,0,0,0.0,0,0,0,0,0,0,0,0,,11,11:28,1,2,0,0,
Victor Hedman,32,TBL,D,30,1,17,18,2,12,2.4,1,0,0,0,11,6,0,61,1.6,718,23:55,55,45,0,0,
Danton Heinen,27,PIT,C,28,3,7,10,-3,8,0.5,2,1,0,0,6,1,0,40,7.5,345,12:19,9,36,2,2,50.0
Ville Heinola,21,WPG,D,5,0,0,0,-2,0,-0.1,0,0,0,0,0,0,0,2,0.0,67,13:19,3,1,0,0,
Miro Heiskanen,23,DAL,D,32,5,20,25,4,16,3.9,4,1,0,0,7,12,1,84,6.0,808,25:15,39,23,0,0,
Adam Henrique,32,ANA,C,34,9,8,17,0,18,1.5,7,2,0,0,4,4,0,65,13.8,621,18:16,29,22,222,198,52.9
Aleksi Heponiemi,24,FLA,C,10,1,2,3,-1,2,0.2,1,0,0,0,2,0,0,6,16.7,86,8:35,1,2,2,0,100.0
Tomas Hertl,29,SJS,C,33,11,21,32,0,12,3.1,8,3,0,1,15,6,0,82,13.4,649,19:39,24,40,320,298,51.8
Vinnie Hinostroza,28,BUF,C,16,0,8,8,-1,6,0.3,0,0,0,0,7,0,1,17,0.0,199,12:25,3,1,0,3,0.0
Roope Hintz,26,DAL,LW,34,16,22,38,18,12,4.9,12,3,1,3,13,9,0,84,19.0,591,17:23,28,23,116,111,51.1
Nico Hischier,24,NJD,C,33,13,18,31,11,2,3.6,9,4,0,3,13,4,1,106,12.3,656,19:52,21,9,383,322,54.3
Hayden Hodgson,26,PHI,RW,1,0,0,0,0,0,0.0,0,0,0,0,0,0,0,0,,5,4:46,0,0,0,0,
Mike Hoffman,33,MTL,C,24,7,3,10,3,14,1.2,7,0,0,2,2,1,0,53,13.2,345,14:23,10,11,10,3,76.9
Nils Hoglander,22,VAN,LW,25,3,6,9,-4,6,0.4,3,0,0,0,6,0,0,29,10.3,301,12:03,8,21,1,1,50.0
Nick Holden,35,OTT,D,28,1,4,5,-7,4,0.7,1,0,0,0,4,0,0,28,3.6,458,16:22,34,42,0,0,
Justin Holl,31,TOR,D,34,1,3,4,7,18,1.7,1,0,0,1,3,0,0,30,3.3,727,21:23,59,70,0,0,

Dylan Holloway,21,EDM,C,31,1,3,4,-4,10,-0.2,1,0,0,0,3,0,0,21,4.8,271,8:44,6,47,19,29,39.6
Mac Hollowell,24,TOR,D,6,0,2,2,3,2,0.5,0,0,0,0,2,0,0,4,0.0,78,12:56,6,3,0,0,
Pontus Holmberg,23,TOR,RW,19,2,5,7,0,2,0.5,2,0,0,2,5,0,0,12,16.7,190,9:59,9,11,46,65,41.4
Simon Holmstrm,21,NYI,RW,14,1,1,2,0,0,0.0,1,0,0,1,1,0,0,8,12.5,161,11:29,6,0,0,3,0.0
Alexander Holtz,21,NJD,RW,14,2,0,2,-4,8,0.0,0,2,0,0,0,0,0,16,12.5,144,10:16,4,5,0,0,
Patric Hornqvist,36,FLA,RW,22,1,2,3,-4,13,-0.1,1,0,0,1,1,1,0,40,2.5,204,9:16,8,18,1,5,16.7
Bo Horvat,27,VAN,C,33,24,11,35,0,8,4.3,13,9,2,4,6,5,0,104,23.1,692,20:59,20,23,451,335,57.4
Brett Howden,24,VEG,C,21,1,2,3,2,10,0.0,1,0,0,0,2,0,0,21,4.8,275,13:06,16,33,62,57,52.1
Filip Hronek,25,DET,D,32,7,18,25,15,24,4.8,4,3,0,1,10,8,0,69,10.1,703,21:58,25,52,0,0,
Jonathan Huberdeau,29,CGY,LW,32,6,18,24,4,20,2.1,3,3,0,0,11,7,0,52,11.5,550,17:11,15,32,2,4,33.3
Charles Hudon,28,COL,LW,7,0,0,0,-2,2,-0.2,0,0,0,0,0,0,0,16,0.0,84,11:57,2,12,2,1,66.7
Jack Hughes,21,NJD,C,34,18,21,39,11,2,4.9,14,4,0,3,13,8,0,141,12.8,672,19:46,8,4,47,98,32.4
Quinn Hughes,23,VAN,D,29,0,28,28,-3,8,2.9,0,0,0,0,13,15,0,55,0.0,728,25:06,28,3,0,0,
Brad Hunt,34,COL,D,8,0,1,1,1,0,0.3,0,0,0,0,1,0,0,10,0.0,86,10:48,2,5,0,0,
Dryden Hunt,27,TOT,LW,28,2,0,2,-8,15,-0.2,2,0,0,0,0,0,0,17,11.8,223,7:57,3,69,1,2,33.3
Dryden Hunt,27,COL,LW,25,1,0,1,-7,13,-0.3,1,0,0,0,0,0,0,15,6.7,196,7:51,1,58,1,2,33.3
Dryden Hunt,27,NYR,LW,3,1,0,1,-1,2,0.1,1,0,0,0,0,0,0,2,50.0,26,8:49,2,11,0,0,
Ben Hutton,29,VEG,D,9,0,1,1,-5,4,-0.1,0,0,0,0,0,1,0,13,0.0,125,13:50,10,2,0,0,
Zach Hyman,30,EDM,LF,34,15,21,36,3,12,3.6,8,7,0,1,17,4,0,134,11.2,705,20:45,9,40,4,2,66.7
Alex Iafallo,29,LAK,C,14,4,6,10,5,6,1.1,2,2,0,1,6,0,0,25,16.0,215,15:20,5,10,3,1,75.0
Matt Irwin,35,WSH,D,26,0,1,1,0,16,0.5,0,0,0,0,1,0,0,33,0.0,338,12:59,30,59,0,0,
Mark Jankowski,28,NSH,C,17,3,3,6,3,4,0.6,2,0,1,1,3,0,0,18,16.7,216,12:42,14,18,89,64,58.2

Mattias Janmark,30,EDM,C,21,3,3,6,-1,14,0.2,3,0,0,0,3,0,0,22,13.6,323,15:23,7,7,9,9,50.0
Calle Jarnkrok,31,TOR,C,27,6,5,11,0,10,1.0,5,0,1,0,5,0,0,38,15.8,349,12:56,6,19,23,27,46.0
Seth Jarvis,20,CAR,C,34,6,11,17,3,4,1.5,6,0,0,0,9,2,0,66,9.1,535,15:44,17,35,5,8,38.5
Tanner Jeannot,25,NSH,F,32,3,3,6,1,41,0.2,3,0,0,0,3,0,0,47,6.4,497,15:32,26,122,4,8,33.3
Jan Jenik,22,ARI,RW,1,0,0,0,0,4,0.0,0,0,0,0,0,0,0,0,,4,3:59,1,2,0,0,
Boone Jenner,29,CBJ,C,30,11,11,22,-12,12,1.8,6,5,0,1,10,1,0,93,11.8,606,20:11,34,54,355,280,55.9
Nick Jensen,32,WSH,D,36,1,13,14,9,12,2.9,1,0,0,0,12,0,1,44,2.3,752,20:53,71,47,0,0,
David Jiricek,19,CBJ,D,2,0,0,0,-4,2,-0.3,0,0,0,0,0,0,0,4,0.0,31,15:31,4,5,0,0,
Lucas Johansen,25,WSH,D,2,0,0,0,0,0,0.0,0,0,0,0,0,0,0,3,0.0,25,12:40,3,0,0,0,
Ryan Johansen,30,NSH,C,32,9,9,18,-6,30,1.6,6,3,0,1,5,4,0,48,18.8,506,15:49,17,28,297,190,61.0
Marcus Johansson,32,WSH,C,36,8,8,16,0,4,1.4,4,3,1,4,3,5,0,58,13.8,584,16:14,9,16,12,15,44.4
Erik Johnson,34,COL,D,32,0,6,6,10,6,2.1,0,0,0,0,5,0,1,49,0.0,560,17:31,61,58,0,0,
Jack Johnson,36,CHI,D,32,0,4,4,-19,12,0.0,0,0,0,0,3,0,1,41,0.0,649,20:18,54,40,0,0,
Kent Johnson,20,CBJ,C,30,8,8,16,-7,4,1.4,6,2,0,0,6,2,0,40,20.0,412,13:43,14,9,9,38,19.1
Reese Johnson,24,CHI,F,23,2,1,3,-7,25,-0.1,2,0,0,0,1,0,0,18,11.1,235,10:12,6,59,26,20,56.5
Tyler Johnson,32,CHI,C,10,3,5,8,0,6,0.9,2,1,0,0,3,2,0,20,15.0,146,14:34,4,15,8,7,53.3
Andreas Johnsson,28,NJD,LW,2,0,0,0,0,0,0.0,0,0,0,0,0,0,0,1,0.0,9,4:44,0,0,0,0,
Ross Johnston,28,NYI,LW,5,0,1,1,-1,14,0.0,0,0,0,0,1,0,0,2,0.0,44,8:44,2,11,1,0,100.0
Wyatt Johnston,19,DAL,C,35,10,5,15,0,10,1.6,8,2,0,1,4,1,0,61,16.4,501,14:19,15,4,33,61,35.1
Henri Jokiharju,23,BUF,D,16,1,3,4,2,12,0.7,1,0,0,0,3,0,0,20,5.0,326,20:24,19,16,0,0,

Caleb Jones,25,CHI,D,24,1,8,9,-13,14,0.7,1,0,0,0,5,3,0,30,3.3,440,18:19,33,33,0,0,
Max Jones,24,ANA,LW,28,2,3,5,-11,31,-0.3,2,0,0,0,3,0,0,39,5.1,330,11:47,4,39,5,6,45.5
Seth Jones,28,CHI,D,22,1,8,9,-21,12,0.3,1,0,0,0,2,5,1,62,1.6,543,24:40,53,28,0,0,
Zachary Jones,22,NYR,D,16,1,1,2,-2,4,0.4,1,0,0,1,1,0,0,15,6.7,250,15:37,16,5,0,0,
Axel Jonsson Fjllby,24,WPG,LW,29,2,4,6,-1,4,0.2,2,0,0,1,4,0,0,30,6.7,308,10:38,10,25,1,3,25.0
Mathieu Joseph,25,OTT,RW,25,2,7,9,3,12,0.7,0,1,1,0,6,1,0,28,7.1,358,14:20,15,39,3,2,60.0
Pierre-Olivier Joseph,23,PIT,D,29,1,8,9,9,14,2.0,0,1,0,0,7,1,0,41,2.4,432,14:54,12,44,0,0,
Dakota Joshua,26,VAN,C,30,6,2,8,-7,37,0.5,5,1,0,0,2,0,0,27,22.2,312,10:23,10,66,10,7,58.8
Roman Josi,32,NSH,D,32,7,19,26,-5,16,3.8,3,4,0,3,11,8,0,140,5.0,814,25:25,77,25,0,0,
Tyson Jost,24,TOT,C,26,2,6,8,-4,22,0.2,2,0,0,0,6,0,0,27,7.4,344,13:13,11,19,50,94,34.7
Tyson Jost,24,BUF,C,14,2,3,5,0,11,0.3,2,0,0,0,3,0,0,17,11.8,191,13:38,3,8,39,82,32.2
Tyson Jost,24,MIN,C,12,0,3,3,-4,11,-0.1,0,0,0,0,3,0,0,10,0.0,153,12:45,8,11,11,12,47.8
Noah Juulsen,25,VAN,D,2,0,0,0,-1,0,-0.1,0,0,0,0,0,0,0,1,0.0,22,11:04,3,4,0,0,
Nazem Kadri,32,CGY,C,35,13,13,26,-5,16,2.5,7,6,0,3,7,6,0,113,11.5,616,17:35,18,43,245,281,46.6
Kaapo Kakko,21,NYR,RW,35,9,6,15,0,6,1.4,9,0,0,1,5,1,0,60,15.0,535,15:17,17,15,1,3,25.0
Arthur Kaliyev,21,LAK,RW,34,9,10,19,-2,6,1.8,2,7,0,0,8,2,0,79,11.4,419,12:19,8,28,0,0,
David Kampf,28,TOR,C,34,4,9,13,9,4,1.1,4,0,0,1,7,0,2,41,9.8,512,15:03,14,27,250,225,52.6
Evander Kane,31,EDM,LW,14,5,8,13,4,16,1.3,5,0,0,0,6,2,0,50,10.0,273,19:30,8,51,3,8,27.3
Patrick Kane,34,CHI,RW,32,5,20,25,-19,8,1.4,4,1,0,0,7,13,0,120,4.2,647,20:13,7,6,1,0,100.0
Kasperi Kapanen,26,PIT,RW,24,5,8,13,-3,2,1.1,3,2,0,2,7,1,0,34,14.7,292,12:10,6,51,2,4,33.3
Kirill Kaprizov,25,MIN,LW,33,19,24,43,-3,27,4.8,10,9,0,3,15,9,0,133,14.3,689,20:52,14,26,0,3,0.0
Erik Karlsson,32,SJS,D,35,13,33,46,-5,10,6.2,11,2,0,3,22,11,0,101,12.9,879,25:07,35,15,0,0,

William Karlsson,30,VEG,C,36,7,18,25,2,2,2.1,6,1,0,2,10,5,3,70,10.0,639,17:46,24,25,296,232,56.1
Ondrej Kase,27,CAR,RW,1,0,0,0,0,0,0.0,0,0,0,0,0,0,0,0,,11,11:02,0,1,0,1,0.0
Zack Kassian,32,ARI,RW,16,1,0,1,-9,34,-0.4,1,0,0,0,0,0,0,9,11.1,160,9:59,4,23,0,3,0.0
Mark Kastelic,23,OTT,C,30,3,1,4,-6,30,0.1,3,0,0,1,1,0,0,32,9.4,279,9:18,21,69,150,110,57.7
Boris Katchouk,24,CHI,LW,17,1,2,3,-2,17,0.1,1,0,0,0,2,0,0,13,7.7,157,9:15,3,37,0,1,0.0
Martin Kaut,23,COL,RW,21,1,2,3,-2,2,0.0,1,0,0,1,2,0,0,20,5.0,203,9:39,4,8,2,3,40.0
Clayton Keller,24,ARI,C,32,12,19,31,-9,14,2.7,8,4,0,2,13,6,0,71,16.9,655,20:28,13,9,9,23,28.1
Parker Kelly,23,OTT,F,31,1,3,4,-4,22,0.0,1,0,0,1,2,0,1,25,4.0,294,9:30,10,83,2,4,33.3
Adrian Kempe,26,LAK,LW,37,13,10,23,3,24,2.2,11,2,0,2,7,3,0,99,13.1,696,18:49,15,51,16,33,32.7
Alexander Kerfoot,28,TOR,C,34,4,11,15,8,14,1.2,3,1,0,1,9,1,1,57,7.0,519,15:16,22,13,28,41,40.6
Phil Kessel,35,VEG,RW,36,6,7,13,-12,12,0.7,6,0,0,0,2,5,0,63,9.5,442,12:17,9,4,1,4,20.0
Jujhar Khaira,28,CHI,LW,29,3,3,6,-5,18,0.2,1,1,1,0,2,1,0,29,10.3,385,13:17,18,51,37,23,61.7
Matt Kiersted,24,FLA,D,20,1,3,4,4,6,0.9,1,0,0,0,3,0,0,14,7.1,197,9:51,7,13,0,0,
Alex Killorn,33,TBL,C,32,9,14,23,7,10,2.3,9,0,0,2,12,2,0,52,17.3,560,17:29,11,22,0,0,
Justin Kirkland,26,ANA,LW,3,0,0,0,-2,0,-0.1,0,0,0,0,0,0,0,3,0.0,22,7:21,3,3,0,0,
Joel Kiviranta,26,DAL,F,35,5,0,5,-6,20,0.0,4,0,1,0,0,0,0,49,10.2,436,12:27,11,58,1,4,20.0
John Klingberg,30,ANA,D,28,4,7,11,-21,18,0.6,4,0,0,2,4,3,0,39,10.3,610,21:48,32,27,0,0,
Cole Koepke,24,TBL,LW,17,1,0,1,-5,2,-0.3,1,0,0,0,0,0,0,12,8.3,155,9:06,5,32,0,0,
Keegan Kolesar,25,VEG,RW,34,3,1,4,2,31,0.1,3,0,0,0,1,0,0,26,11.5,395,11:36,20,106,6,13,31.6
Travis Konecny,25,PHI,C,29,15,17,32,-11,45,3.2,10,3,2,4,9,6,2,93,16.1,593,20:28,23,30,13,14,48.1

Anze Kopitar,35,LAK,C,37,10,19,29,4,4,2.5,9,1,0,1,13,6,0,75,13.3,752,20:20,46,36,413,302,57.8
Klim Kostin,23,EDM,C,19,2,4,6,2,15,0.5,2,0,0,0,4,0,0,22,9.1,184,9:42,7,57,3,1,75.0
Jesperi Kotkaniemi,22,CAR,C,34,5,5,10,-2,26,0.6,3,2,0,2,3,2,0,51,9.8,499,14:41,8,42,164,155,51.4
Johnathan Kovacevic,25,MTL,D,31,1,4,5,3,14,1.3,1,0,0,0,4,0,0,36,2.8,539,17:23,34,34,0,0,
Filip Kral,23,TOR,D,2,0,0,0,0,2,0.0,0,0,0,0,0,0,0,1,0.0,20,9:58,1,2,0,0,
Vitali Kravtsov,23,NYR,RW,15,2,1,3,5,6,0.4,2,0,0,0,1,0,0,10,20.0,155,10:20,3,10,0,2,0.0
Peyton Krebs,22,BUF,C,26,3,4,7,-1,16,0.3,3,0,0,0,4,0,0,23,13.0,310,11:56,7,26,45,69,39.5
Chris Kreider,31,NYR,LW,35,16,10,26,8,10,3.1,11,4,1,2,5,5,0,109,14.7,675,19:18,11,63,17,19,47.2
David Krejci,36,BOS,C,28,10,16,26,0,10,2.6,7,3,0,0,9,7,0,45,22.2,477,17:03,19,17,143,142,50.2
Torey Krug,31,STL,D,31,5,12,17,-20,13,1.2,1,4,0,1,8,4,0,65,7.7,608,19:37,43,27,0,0,
Dominik Kubalk,27,DET,LW,32,10,16,26,-5,8,2.4,5,5,0,1,9,7,0,87,11.5,520,16:14,11,32,13,9,59.1
Nikita Kucherov,29,TBL,RW,32,13,36,49,0,22,4.6,8,5,0,3,21,15,0,113,11.5,673,21:03,13,29,0,0,
Karson Kuhlman,27,TOT,C,19,1,4,5,1,2,0.2,1,0,0,1,4,0,0,19,5.3,212,11:08,9,16,0,1,0.0
Karson Kuhlman,27,SEA,C,14,1,2,3,3,0,0.2,1,0,0,1,2,0,0,13,7.7,136,9:42,6,8,0,0,
Karson Kuhlman,27,WPG,C,5,0,2,2,-2,2,0.0,0,0,0,0,2,0,0,6,0.0,76,15:09,3,8,0,1,0.0
Brett Kulak,29,EDM,D,35,2,6,8,1,16,1.3,2,0,0,0,6,0,0,42,4.8,632,18:04,53,37,0,0,
Dmitry Kulikov,32,ANA,D,35,2,7,9,-10,24,1.2,2,0,0,0,7,0,0,46,4.3,714,20:25,66,53,0,0,
Luke Kunin,25,SJS,C,31,5,8,13,-9,32,0.6,3,2,0,0,6,2,0,58,8.6,478,15:26,27,63,5,7,41.7
Rasmus Kupari,22,LAK,C,21,2,3,5,1,8,0.3,2,0,0,0,3,0,0,16,12.5,217,10:19,13,27,79,78,50.3
Sean Kuraly,30,CBJ,C,31,7,3,10,-14,30,0.5,6,0,1,0,3,0,0,50,14.0,434,14:00,25,84,255,249,50.6
Philipp Kurashev,23,CHI,C,32,4,10,14,-20,8,0.3,4,0,0,1,6,4,0,57,7.0,551,17:13,12,21,13,24,35.1
Andrei Kuzmenko,26,VAN,F,32,14,15,29,7,0,3.4,7,7,0,2,13,2,0,60,23.3,503,15:44,11,7,0,0,

Evgeny Kuznetsov,30,WSH,C,35,5,23,28,0,24,2.2,1,4,0,1,17,6,0,89,5.6,650,18:35,14,17,213,238,47.2
Jordan Kyrou,24,STL,C,31,16,16,32,-16,6,3.1,10,6,0,2,10,5,1,108,14.8,560,18:04,15,6,3,5,37.5
Kevin Labanc,27,SJS,RW,34,8,11,19,-3,20,1.6,6,2,0,0,10,1,0,62,12.9,531,15:37,14,22,3,0,100.0
Tanner Laczynski,25,PHI,C,19,2,2,4,1,2,0.3,2,0,0,0,2,0,0,14,14.3,194,10:13,5,12,18,19,48.6
Sam Lafferty,27,CHI,C,26,3,5,8,-7,13,0.3,1,0,2,1,4,0,1,31,9.7,371,14:15,8,37,104,95,52.3
Alexis Lafreniere,21,NYR,LW,35,5,12,17,4,10,1.4,5,0,0,1,11,1,0,62,8.1,527,15:04,11,69,14,17,45.2
Patrik Laine,24,CBJ,RW,20,9,7,16,-7,8,1.5,8,1,0,0,4,3,0,72,12.5,397,19:51,10,11,10,13,43.5
Maxime Lajoie,25,CAR,D,3,0,0,0,0,0,0.0,0,0,0,0,0,0,0,2,0.0,24,7:51,0,2,0,0,
Dylan Larkin,26,DET,C,31,12,19,31,7,10,3.3,7,4,1,2,14,5,0,103,11.7,629,20:16,18,20,272,256,51.5
Adam Larsson,30,SEA,D,32,3,9,12,13,27,2.5,2,0,1,0,9,0,0,50,6.0,770,24:04,66,83,0,0,
Jacob Larsson,25,OTT,D,3,0,0,0,-1,4,0.0,0,0,0,0,0,0,0,2,0.0,38,12:46,2,3,0,0,
Scott Laughton,28,PHI,C,31,7,8,15,-14,12,0.7,2,2,3,0,4,2,2,70,10.0,580,18:43,21,77,224,224,50.0
Jakub Lauko,22,BOS,C,7,1,1,2,0,2,0.2,1,0,0,0,1,0,0,7,14.3,72,10:21,1,14,0,0,
Jeremy Lauzon,25,NSH,D,25,0,1,1,-6,37,0.2,0,0,0,0,1,0,0,27,0.0,390,15:37,25,78,0,0,
Curtis Lazar,27,VAN,C,23,1,1,2,-1,4,-0.3,1,0,0,0,1,0,0,31,3.2,288,12:33,25,65,29,41,41.4
Brett Leason,23,ANA,RW,29,3,1,4,-10,6,-0.2,3,0,0,0,1,0,0,23,13.0,324,11:10,11,23,1,2,33.3
Nick Leddy,31,STL,D,34,0,11,11,-5,10,1.3,0,0,0,0,11,0,0,36,0.0,720,21:11,38,26,0,0,
Anders Lee,32,NYI,LW,35,11,15,26,5,36,2.9,8,3,0,1,10,5,0,104,10.6,597,17:03,26,55,13,14,48.1
Artturi Lehkonen,27,COL,LW,29,9,14,23,4,12,2.3,3,5,1,2,6,8,0,73,12.3,614,21:11,24,36,1,12,7.7
Josh Leivo,29,STL,LW,24,2,7,9,-1,2,0.5,2,0,0,0,7,0,0,48,4.2,325,13:33,8,30,0,2,0.0

Brendan Lemieux,26,LAK,LW,16,0,3,3,-2,32,-0.1,0,0,0,0,3,0,0,15,0.0,148,9:17,7,44,4,3,57.1
Jake Leschyshyn,23,VEG,C,17,0,0,0,-3,6,-0.4,0,0,0,0,0,0,0,20,0.0,165,9:43,7,32,62,55,53.0
Kris Letang,35,PIT,D,27,2,14,16,-8,10,1.7,0,1,1,0,9,5,0,54,3.7,659,24:24,47,68,0,0,
Trevor Lewis,36,CGY,C,35,7,5,12,1,6,1.1,6,0,1,1,5,0,0,70,10.0,452,12:55,13,75,41,61,40.2
Timothy Liljegren,23,TOR,D,23,2,3,5,16,12,2.3,2,0,0,0,3,0,0,23,8.7,429,18:39,32,42,0,0,
Oskar Lindblom,26,SJS,LW,33,2,4,6,-10,6,-0.1,2,0,0,0,3,1,0,30,6.7,332,10:04,9,29,6,7,46.2
Esa Lindell,28,DAL,D,35,3,7,10,18,8,3.1,3,0,0,1,6,0,1,48,6.3,699,19:59,59,50,0,0,
Ryan Lindgren,24,NYR,D,33,0,11,11,14,33,2.6,0,0,0,0,11,0,0,40,0.0,617,18:41,59,38,0,0,
Elias Lindholm,28,CGY,C,34,11,21,32,2,8,3.1,6,5,0,1,16,4,1,82,13.4,654,19:14,17,38,384,305,55.7
Hampus Lindholm,29,BOS,D,33,4,20,24,27,24,5.3,4,0,0,1,11,9,0,70,5.7,788,23:52,42,37,0,0,
Gustav Lindstrom,24,DET,D,17,0,1,1,-9,8,-0.3,0,0,0,0,1,0,0,9,0.0,239,14:03,12,25,0,0,
Blake Lizotte,25,LAK,C,37,7,8,15,-2,29,1.2,7,0,0,1,8,0,0,51,13.7,436,11:48,19,46,174,178,49.4
William Lockwood,24,VAN,RW,1,0,1,1,1,0,0.1,0,0,0,0,1,0,0,1,0.0,10,10:18,2,2,0,0,
Ryan Lomberg,28,FLA,LW,35,4,4,8,-8,42,0.2,4,0,0,1,4,0,0,47,8.5,369,10:33,8,59,5,4,55.6
Steven Lorentz,26,SJS,C,33,3,3,6,-9,6,0.0,3,0,0,0,3,0,0,46,6.5,372,11:16,14,51,90,89,50.3
Adam Lowry,29,WPG,LW,34,7,13,20,7,13,1.9,5,0,2,0,12,1,0,56,12.5,520,15:18,18,72,264,271,49.3
Jake Lucchini,27,OTT,F,1,0,0,0,0,0,0.0,0,0,0,0,0,0,0,1,0.0,11,10:49,0,1,0,0,
Milan Lucic,34,CGY,LW,32,2,7,9,-4,18,0.3,2,0,0,0,7,0,0,31,6.5,346,10:48,5,68,7,8,46.7
Matt Luff,25,DET,RW,7,1,0,1,-1,0,0.1,1,0,0,0,0,0,0,5,20.0,59,8:26,3,7,0,1,0.0
Anton Lundell,21,FLA,C,26,4,10,14,9,19,1.2,3,0,1,0,7,3,0,60,6.7,437,16:49,16,8,148,162,47.7

Isac Lundestrom,23,ANA,C,24,1,5,6,-6,2,-0.1,0,0,1,0,5,0,0,28,3.6,337,14:02,12,10,105,117,47.3
Nils Lundkvist,22,DAL,D,32,3,7,10,-3,20,1.5,3,0,0,1,5,2,0,53,5.7,558,17:26,35,33,0,0,
Eetu Luostarinen,24,FLA,C,35,8,10,18,11,10,1.9,7,1,0,1,9,1,0,59,13.6,545,15:34,21,20,36,54,40.0
Olle Lycksell,23,PHI,RW,3,0,0,0,0,2,0.0,0,0,0,0,0,0,0,2,0.0,29,9:36,2,1,0,0,
Ilya Lyubushkin,28,BUF,D,18,0,1,1,-1,22,0.1,0,0,0,0,1,0,0,8,0.0,277,15:25,28,40,0,0,
Olli Maatta,28,DET,D,28,3,9,12,7,6,2.4,3,0,0,0,9,0,0,21,14.3,546,19:29,50,31,0,0,
Matias Maccelli,22,ARI,LW,30,3,19,22,-2,14,1.6,2,1,0,1,12,7,0,23,13.0,453,15:05,7,10,0,1,0.0
Kurtis MacDermid,28,COL,D,11,0,1,1,-1,16,0.1,0,0,0,0,1,0,0,5,0.0,71,6:26,1,30,0,1,0.0
Jacob MacDonald,29,COL,D,23,0,1,1,-4,7,0.1,0,0,0,0,1,0,0,21,0.0,219,9:32,11,21,0,0,
Zack MacEwen,26,PHI,C,31,3,5,8,-5,38,0.2,3,0,0,2,5,0,0,52,5.8,424,13:41,18,102,10,10,50.0
Connor Mackey,26,CGY,D,9,2,1,3,-5,9,0.2,2,0,0,0,1,0,0,8,25.0,90,9:58,5,10,0,0,
Nathan MacKinnon,27,COL,C,23,8,26,34,7,20,3.5,4,4,0,0,16,10,0,120,6.7,504,21:53,14,20,196,223,46.8
Saku Maenalanen,28,WPG,RW,25,4,2,6,4,6,0.6,4,0,0,0,2,0,0,30,13.3,288,11:30,11,57,2,0,100.0
Josh Mahura,24,FLA,D,35,3,4,7,15,16,2.3,3,0,0,1,4,0,0,36,8.3,500,14:17,26,38,0,0,
Cale Makar,24,COL,D,32,7,22,29,3,22,4.9,3,4,0,2,9,13,0,107,6.5,870,27:12,49,43,0,0,
Beck Malenstyn,24,WSH,LW,5,1,1,2,2,2,0.3,1,0,0,1,1,0,0,4,25.0,43,8:34,2,15,1,0,100.0
Denis Malgin,26,TOT,C,25,2,2,4,-2,6,0.0,2,0,0,0,2,0,0,52,3.8,301,12:02,5,31,2,2,50.0
Denis Malgin,26,TOR,C,23,2,2,4,-1,4,0.1,2,0,0,0,2,0,0,46,4.3,267,11:37,5,28,2,2,50.0
Denis Malgin,26,COL,C,2,0,0,0,-1,2,-0.1,0,0,0,0,0,0,0,6,0.0,34,16:52,0,3,0,0,
Evgeni Malkin,36,PIT,C,33,11,22,33,2,20,3.2,7,4,0,2,10,12,0,99,11.1,596,18:03,9,18,190,168,53.1
Brad Malone,33,EDM,C,10,0,0,0,-4,6,-0.3,0,0,0,0,0,0,0,7,0.0,77,7:41,4,26,26,19,57.8
Mikhail Maltsev,24,COL,LW,5,0,0,0,0,0,0.0,0,0,0,0,0,0,0,4,0.0,33,6:36,2,4,14,13,51.9

Andrew Mangiapane,26,CGY,LW,35,7,7,14,-8,12,0.7,7,0,0,1,4,1,2,67,10.4,581,16:37,14,45,4,6,40.0
Josh Manson,31,COL,D,21,2,4,6,2,40,1.4,2,0,0,2,4,0,0,30,6.7,356,16:57,23,46,0,0,
Anthony Mantha,28,WSH,RW,36,8,11,19,-1,16,1.8,7,1,0,1,10,1,0,68,11.8,522,14:29,14,35,3,4,42.9
Brad Marchand,34,BOS,LW,25,9,18,27,9,22,2.9,3,6,0,2,6,12,0,62,14.5,467,18:41,8,39,10,11,47.6
Kirill Marchenko,22,CBJ,RW,10,4,0,4,2,2,0.7,3,1,0,0,0,0,0,14,28.6,125,12:30,5,6,0,0,
Jonathan Marchessault,32,VEG,C,35,14,13,27,-2,9,3.0,7,7,0,2,8,5,0,121,11.6,585,16:43,6,42,12,20,37.5
Mason Marchment,27,DAL,F,35,9,12,21,1,48,2.0,7,2,0,1,10,2,0,86,10.5,550,15:43,15,48,7,8,46.7
John Marino,25,NJD,D,32,3,6,9,11,10,2.6,3,0,0,0,6,0,0,42,7.1,683,21:20,43,31,0,0,
Mitch Marner,25,TOR,RW,34,13,27,40,4,12,3.9,9,3,1,2,14,12,1,89,14.6,727,21:23,24,29,0,2,0.0
Pat Maroon,34,TBL,LW,32,1,4,5,-5,49,-0.1,1,0,0,0,3,1,0,28,3.6,315,9:51,3,62,2,4,33.3
Matt Martin,33,NYI,LW,34,3,6,9,2,41,0.7,3,0,0,1,6,0,0,24,12.5,363,10:40,17,119,4,9,30.8
Alec Martinez,35,VEG,D,36,0,5,5,6,14,1.7,0,0,0,0,5,0,0,33,0.0,721,20:01,131,23,0,0,
Jordan Martinook,30,CAR,LW,34,8,10,18,9,22,2.0,8,0,0,1,10,0,0,68,11.8,525,15:27,10,41,15,18,45.5
Mike Matheson,28,MTL,D,10,1,5,6,-4,12,0.6,1,0,0,0,3,2,0,24,4.2,242,24:14,9,14,0,0,
Auston Matthews,25,TOR,C,34,17,22,39,17,10,4.7,9,8,0,3,17,5,0,151,11.3,691,20:19,36,51,243,230,51.4
Scott Mayfield,30,NYI,D,35,4,4,8,4,40,2.0,4,0,0,0,4,0,0,51,7.8,715,20:25,68,46,0,0,
Dysin Mayo,26,ARI,D,13,0,0,0,-7,6,-0.4,0,0,0,0,0,0,0,6,0.0,156,11:58,18,28,0,0,
Charlie McAvoy,25,BOS,D,20,2,15,17,9,18,2.8,1,1,0,1,6,9,0,40,5.0,460,23:00,38,35,0,0,
Jack McBain,23,ARI,C,32,4,2,6,-3,29,0.1,4,0,0,0,2,0,0,28,14.3,428,13:22,21,103,161,195,45.2
Jake McCabe,29,CHI,D,29,1,8,9,2,10,2.0,1,0,0,0,8,0,0,26,3.8,550,18:57,73,64,0,0,

Jared McCann,26,SEA,C,29,16,6,22,7,6,3.0,14,2,0,1,3,3,0,61,26.2,454,15:38,5,24,18,30,37.5
Michael McCarron,27,NSH,RW,15,1,1,2,-2,17,0.0,1,0,0,0,1,0,0,21,4.8,148,9:50,13,34,19,19,50.0
Connor McDavid,26,EDM,C,35,30,36,66,3,16,7.6,16,13,1,3,15,21,0,137,21.9,804,22:57,17,28,207,209,49.8
Ryan McDonagh,33,NSH,D,25,0,7,7,6,8,1.7,0,0,0,0,7,0,0,22,0.0,510,20:24,53,20,0,0,
Brock McGinn,28,PIT,LW,33,10,5,15,5,8,1.8,8,0,2,3,5,0,0,51,19.6,441,13:22,20,43,3,7,30.0
Roland McKeown,27,NSH,D,3,0,0,0,-1,6,0.0,0,0,0,0,0,0,0,0,,41,13:44,4,1,0,0,
Michael McLeod,24,NJD,C,34,3,11,14,3,30,1.1,3,0,0,1,11,0,0,45,6.7,409,12:01,17,57,241,177,57.7
Ryan McLeod,23,EDM,C,22,3,5,8,-1,10,0.4,2,0,1,0,4,0,1,24,12.5,320,14:33,8,12,114,136,45.6
Connor McMichael,22,WSH,C,6,0,0,0,0,5,-0.1,0,0,0,0,0,0,0,2,0.0,53,8:52,3,2,2,1,66.7
Brayden McNabb,32,VEG,D,36,0,10,10,14,12,2.8,0,0,0,0,8,0,2,50,0.0,730,20:17,80,77,0,0,
Mason Mctavish,20,ANA,C,35,6,14,20,-10,18,1.3,3,3,0,0,8,6,0,72,8.3,503,14:22,13,33,99,128,43.6
Jaycob Megna,30,SJS,D,32,0,9,9,5,17,1.9,0,0,0,0,8,0,1,32,0.0,587,18:21,44,38,0,0,
Jayson Megna,32,TOT,C,22,0,1,1,-8,4,-0.5,0,0,0,0,1,0,0,10,0.0,178,8:06,9,27,38,38,50.0
Jayson Megna,32,COL,C,14,0,0,0,-2,2,-0.2,0,0,0,0,0,0,0,4,0.0,102,7:18,2,20,36,35,50.7
Jayson Megna,32,ANA,C,8,0,1,1,-6,2,-0.2,0,0,0,0,1,0,0,6,0.0,76,9:31,7,7,2,3,40.0
Timo Meier,26,SJS,RW,35,18,16,34,-3,12,3.7,9,9,0,3,14,2,0,161,11.2,700,20:00,12,78,16,23,41.0
Dawson Mercer,21,NJD,C,34,8,10,18,0,10,1.7,6,1,1,2,7,3,0,65,12.3,521,15:19,25,14,35,48,42.2
Jonathon Merrill,30,MIN,D,29,1,6,7,0,12,1.3,1,0,0,0,6,0,0,22,4.5,460,15:52,37,21,0,0,
Victor Mete,24,TOR,D,11,0,2,2,3,4,0.6,0,0,0,0,2,0,0,7,0.0,144,13:04,9,3,0,0,
Carson Meyer,25,CBJ,RW,7,0,0,0,-2,0,-0.2,0,0,0,0,0,0,0,8,0.0,63,9:03,3,11,0,0,
Ben Meyers,24,COL,F,12,1,0,1,-1,0,-0.1,1,0,0,0,0,0,0,13,7.7,151,12:33,4,10,52,35,59.8
Jacob Middleton,27,MIN,D,33,2,4,6,3,40,1.7,2,0,0,0,4,0,0,28,7.1,602,18:14,57,48,0,0,

Ilya Mikheyev,28,VAN,F,30,11,7,18,2,2,1.9,10,1,0,0,6,1,0,60,18.3,513,17:07,9,10,1,7,12.5
Niko Mikkola,26,STL,D,33,0,2,2,7,21,1.1,0,0,0,0,2,0,0,19,0.0,523,15:52,49,66,0,0,
Sonny Milano,26,WSH,LW,23,5,11,16,-1,10,1.5,5,0,0,2,7,4,0,32,15.6,313,13:37,5,17,0,0,
Colin Miller,30,DAL,D,34,2,7,9,14,23,2.5,2,0,0,1,7,0,0,36,5.6,557,16:23,26,49,0,0,
J.T. Miller,29,VAN,C,33,13,17,30,-11,28,2.4,6,7,0,1,9,8,0,80,16.3,691,20:56,21,74,81,85,48.8
K'Andre Miller,23,NYR,D,35,2,14,16,2,16,2.6,2,0,0,0,12,0,2,52,3.8,775,22:09,41,76,0,0,
Daniil Miromanov,25,VEG,D,11,2,3,5,-5,2,0.5,1,1,0,0,1,2,0,17,11.8,196,17:48,11,5,0,0,
Ian Mitchell,24,CHI,D,7,0,2,2,-5,0,0.0,0,0,0,0,2,0,0,5,0.0,117,16:41,8,1,0,0,
Casey Mittelstadt,24,BUF,C,32,5,12,17,-12,8,0.7,1,3,1,0,5,7,0,47,10.6,500,15:37,4,16,190,201,48.6
Sean Monahan,28,MTL,C,25,6,11,17,-5,16,1.4,5,1,0,0,8,3,0,55,10.9,434,17:22,8,10,177,144,55.1
Brandon Montour,28,FLA,D,33,6,21,27,-5,40,3.2,3,3,0,3,14,7,0,89,6.7,828,25:05,44,41,0,0,
Trevor Moore,27,LAK,LW,37,7,12,19,-4,8,1.1,5,1,1,1,7,5,0,115,6.1,653,17:39,12,41,6,17,26.1
Josh Morrissey,27,WPG,D,34,6,33,39,15,23,6.2,5,1,0,4,20,13,0,54,11.1,797,23:27,46,37,0,0,
J.J. Moser,22,ARI,D,32,3,12,15,-13,16,1.5,3,0,0,0,5,7,0,35,8.6,707,22:05,63,28,0,0,
Tyler Motte,27,OTT,C,32,3,6,9,3,4,0.7,2,0,1,0,6,0,0,61,4.9,443,13:50,32,67,19,29,39.6
Jacob Moverare,24,LAK,D,2,0,0,0,-1,0,0.0,0,0,0,0,0,0,0,6,0.0,30,14:58,4,3,0,0,
Connor Murphy,29,CHI,D,32,3,2,5,0,25,1.7,2,0,1,0,2,0,0,37,8.1,628,19:37,65,62,0,0,
Ryan Murray,29,EDM,D,13,0,3,3,-4,4,0.1,0,0,0,0,3,0,0,8,0.0,171,13:07,12,11,0,0,
Jake Muzzin,33,TOR,D,4,0,1,1,0,2,0.2,0,0,0,0,1,0,0,8,0.0,67,16:43,10,11,0,0,
Philippe Myers,26,TBL,D,11,1,2,3,0,4,0.5,1,0,0,0,2,0,0,21,4.8,127,11:33,6,31,0,0,

Tyler Myers,32,VAN,D,30,0,8,8,5,45,1.5,0,0,0,0,8,0,0,36,0.0,618,20:35,46,36,0,0,
Vladislav Namestnikov,30,TBL,C,31,2,6,8,-5,11,0.1,2,0,0,0,4,2,0,46,4.3,399,12:52,10,41,45,77,36.9
Martin Necas,24,CAR,C,34,14,19,33,6,18,3.8,10,4,0,1,13,6,0,119,11.8,664,19:31,7,24,84,119,41.4
Jake Neighbours,20,STL,LW,13,1,0,1,-10,4,-0.4,1,0,0,0,0,0,0,14,7.1,156,12:02,4,12,2,5,28.6
Brock Nelson,31,NYI,C,35,15,19,34,9,16,4.1,12,3,0,5,13,6,0,100,15.0,651,18:37,23,29,233,248,48.4
Patrik Nemeth,30,ARI,D,27,0,3,3,0,10,0.7,0,0,0,0,3,0,0,18,0.0,431,15:58,36,41,0,0,
Alex Newhook,22,COL,C,32,7,5,12,-3,10,1.0,6,1,0,1,5,0,0,47,14.9,477,14:55,8,26,61,122,33.3
Valeri Nichushkin,27,COL,RW,15,7,9,16,4,0,1.9,1,5,1,1,7,1,1,46,15.2,310,20:41,10,18,0,1,0.0
Nino Niederreiter,30,NSH,RW,32,11,6,17,-7,6,1.6,9,2,0,1,5,1,0,66,16.7,500,15:38,12,67,3,3,50.0
Markus Niemelinen,24,EDM,D,19,0,0,0,4,4,0.4,0,0,0,0,0,0,0,12,0.0,197,10:21,12,56,0,0,
Matthew Nieto,30,SJS,LW,31,6,6,12,-12,6,0.5,6,0,0,1,5,1,0,51,11.8,480,15:30,14,23,3,4,42.9
Stefan Noesen,29,CAR,RW,33,7,10,17,3,17,1.8,2,5,0,1,6,4,0,66,10.6,416,12:37,12,47,10,8,55.6
Joshua Norris,23,OTT,C,5,1,1,2,0,2,0.2,1,0,0,0,1,0,0,8,12.5,92,18:21,3,6,33,24,57.9
Tomas Nosek,30,BOS,C,33,3,4,7,6,34,0.4,2,0,1,0,4,0,0,32,9.4,416,12:36,14,35,176,123,58.9
Thomas Novak,25,NSH,C,3,1,2,3,0,0,0.3,0,1,0,0,1,1,0,6,16.7,39,13:01,1,0,5,20,20.0
Ryan Nugent-Hopkins,29,EDM,C,35,18,23,41,-4,20,4.1,12,6,0,2,6,16,1,88,20.5,692,19:46,14,22,148,176,45.7
Darnell Nurse,27,EDM,D,35,5,13,18,10,30,3.3,4,0,1,1,12,1,0,84,6.0,839,23:58,69,55,0,0,
William Nylander,26,TOR,C,34,20,19,39,14,10,5.0,14,6,0,2,11,8,0,119,16.8,627,18:26,9,10,14,18,43.8
Gustav Nyquist,33,CBJ,RW,33,6,10,16,-9,14,0.9,6,0,0,0,10,0,0,61,9.8,580,17:35,20,21,10,15,40.0
Liam O'Brien,28,ARI,C,28,1,4,5,0,40,0.0,1,0,0,0,4,0,0,16,6.3,337,12:01,15,102,3,4,42.9

Drew O'Connor,24,PIT,F,4,0,0,0,-1,2,-0.1,0,0,0,0,0,0,0,4,0.0,30,7:29,3,10,9,11,45.0
Logan O'Connor,26,COL,RW,32,5,5,10,4,10,0.9,4,0,1,0,4,0,1,52,9.6,489,15:17,27,46,0,7,0.0
Ryan O'Reilly,31,STL,C,34,9,6,15,-26,6,0.4,7,1,1,2,5,1,0,65,13.8,622,18:18,17,13,315,281,52.9
Jordan Oesterle,30,DET,D,22,1,1,2,2,6,0.8,1,0,0,0,1,0,0,21,4.8,340,15:27,25,17,0,0,
Nikita Okhotyuk,22,NJD,D,1,0,0,0,1,0,0.1,0,0,0,0,0,0,0,2,0.0,14,14:03,2,1,0,0,
Kyle Okposo,34,BUF,RW,25,3,10,13,3,12,0.9,2,1,0,0,7,3,0,51,5.9,374,14:58,8,27,37,53,41.1
Oskar Olausson,20,COL,RW,1,0,0,0,0,0,0.0,0,0,0,0,0,0,0,0,,7,7:02,0,0,0,0,
Jamie Oleksiak,30,SEA,D,25,4,3,7,3,23,1.3,4,0,0,0,3,0,0,15,26.7,476,19:01,46,56,0,0,
Mathieu Olivier,25,CBJ,F,28,2,3,5,-11,43,-0.2,2,0,0,1,3,0,0,30,6.7,319,11:24,25,66,0,7,0.0
Gustav Olofsson,28,SEA,D,3,0,0,0,1,0,0.1,0,0,0,0,0,0,0,6,0.0,39,12:56,4,2,0,0,
Victor Olofsson,27,BUF,RW,32,13,5,18,-9,4,1.7,10,3,0,2,3,2,0,68,19.1,454,14:11,7,7,1,3,25.0
Dmitry Orlov,31,WSH,D,20,2,8,10,8,2,2.2,2,0,0,1,7,1,0,44,4.5,441,22:03,32,45,0,0,
T.J. Oshie,36,WSH,C,22,5,6,11,-6,17,0.8,1,4,0,1,5,1,0,47,10.6,366,16:39,13,55,18,35,34.0
Alex Ovechkin,37,WSH,LW,36,22,19,41,-4,16,4.8,15,7,0,3,11,8,0,157,14.0,741,20:35,12,96,2,3,40.0
Brayden Pachal,23,VEG,D,3,0,1,1,1,2,0.2,0,0,0,0,1,0,0,6,0.0,46,15:25,2,7,0,0,
Jean-Gabriel Pageau,30,NYI,C,35,7,12,19,-5,2,1.3,2,4,1,2,10,2,0,64,10.9,641,18:20,27,92,394,308,56.1
Ondrej Palat,31,NJD,LW,6,3,0,3,-1,0,0.4,3,0,0,1,0,0,0,8,37.5,112,18:43,4,12,0,2,0.0
Kyle Palmieri,31,NYI,RW,21,6,3,9,-2,6,0.9,5,1,0,1,2,1,0,39,15.4,337,16:04,6,34,6,10,37.5
Artemi Panarin,31,NYR,LW,35,9,32,41,-5,12,3.4,7,2,0,2,17,15,0,92,9.8,708,20:13,6,10,0,3,0.0
Colton Parayko,29,STL,D,31,2,7,9,-10,14,0.9,2,0,0,1,6,1,0,61,3.3,726,23:25,58,54,0,0,

Zach Parise,38,NYI,LW,35,11,6,17,4,8,2.0,7,3,1,1,4,1,1,81,13.6,571,16:18,34,37,9,10,47.4
Juuso Parssinen,21,NSH,C,18,3,4,7,-7,0,0.3,2,1,0,1,2,2,0,24,12.5,287,15:56,4,35,73,90,44.8
David Pastrnak,26,BOS,RW,33,24,23,47,11,18,6.1,14,10,0,3,11,12,0,168,14.3,656,19:52,9,33,5,6,45.5
Nick Paul,27,TBL,LW,32,13,8,21,11,12,2.6,10,3,0,3,8,0,0,58,22.4,549,17:10,28,57,201,186,51.9
Joe Pavelski,38,DAL,C,35,11,22,33,22,4,4.1,5,6,0,0,16,6,0,85,12.9,604,17:15,27,35,171,154,52.6
Tanner Pearson,30,VAN,LW,14,1,4,5,-9,21,-0.1,1,0,0,0,3,1,0,17,5.9,189,13:30,3,20,7,11,38.9
Lane Pederson,25,VAN,F,4,1,1,2,1,2,0.2,1,0,0,0,1,0,0,6,16.7,52,12:54,3,7,6,9,40.0
Andrew Peeke,24,CBJ,D,33,3,2,5,-10,14,0.7,3,0,0,1,1,0,1,32,9.4,671,20:19,67,70,0,0,
Adam Pelech,28,NYI,D,27,3,8,11,12,24,2.7,3,0,0,0,7,0,1,35,8.6,562,20:49,41,39,0,0,
Nicklaus Perbix,24,TBL,D,26,3,5,8,8,8,1.9,3,0,0,1,5,0,0,42,7.1,404,15:33,29,26,0,0,
Cole Perfetti,21,WPG,C,33,6,14,20,5,16,1.8,6,0,0,0,11,3,0,62,9.7,498,15:06,15,25,2,7,22.2
David Perron,34,DET,LW,32,11,15,26,2,14,2.7,9,2,0,2,8,7,0,87,12.6,543,16:58,13,42,0,2,0.0
Corey Perry,37,TBL,RW,32,5,9,14,-10,27,0.7,2,3,0,1,3,6,0,55,9.1,400,12:30,10,26,0,0,
Brett Pesce,28,CAR,D,34,2,8,10,8,12,2.6,1,1,0,2,6,2,0,55,3.6,766,22:31,55,17,0,0,
Nic Petan,27,MIN,C,8,0,2,2,3,2,0.2,0,0,0,0,2,0,0,6,0.0,90,11:16,3,3,0,1,0.0
John-Jason Peterka,21,BUF,RW,32,7,8,15,1,14,1.2,7,0,0,1,6,2,0,47,14.9,458,14:19,3,6,0,1,0.0
Jacob Peterson,23,DAL,C,1,0,0,0,-2,0,-0.1,0,0,0,0,0,0,0,1,0.0,12,12:19,1,0,0,0,
Jeff Petry,35,PIT,D,28,3,9,12,4,18,2.2,1,2,0,0,7,2,0,44,6.8,625,22:20,54,89,0,0,
Elias Pettersson,24,VAN,C,31,15,26,41,9,4,4.5,15,0,0,2,13,12,1,103,14.6,613,19:47,31,24,152,202,42.9
Marcus Pettersson,26,PIT,D,33,0,11,11,7,19,2.1,0,0,0,0,11,0,0,42,0.0,677,20:30,66,70,0,0,

Michael Pezzetta,24,MTL,C,18,2,1,3,-4,14,0.1,2,0,0,0,0,1,0,21,9.5,142,7:53,2,51,5,5,50.0
Isaak Phillips,21,CHI,D,2,0,0,0,0,0,0.0,0,0,0,0,0,0,0,4,0.0,32,15:54,1,6,0,0,
Matthew Phillips,24,CGY,F,2,0,0,0,0,2,0.0,0,0,0,0,0,0,0,1,0.0,18,9:02,0,0,0,0,
Alex Pietrangelo,33,VEG,D,27,4,22,26,1,6,3.7,3,1,0,1,13,9,0,61,6.6,645,23:53,63,29,0,0,
Lawrence Pilut,27,BUF,D,17,1,2,3,-4,0,0.1,1,0,0,1,2,0,0,14,7.1,218,12:48,16,6,0,0,
Shane Pinto,22,OTT,C,33,10,6,16,-9,6,1.5,7,3,0,2,4,2,0,65,15.4,524,15:53,13,33,196,149,56.8
Neal Pionk,27,WPG,D,34,5,9,14,-6,17,2.2,5,0,0,1,8,1,0,57,8.8,741,21:48,60,77,0,0,
Rem Pitlick,25,MTL,C,14,1,0,1,-4,10,-0.2,1,0,0,0,0,0,0,6,16.7,143,10:14,3,5,7,10,41.2
Tyler Pitlick,31,STL,C,22,1,1,2,-1,2,-0.1,1,0,0,0,1,0,0,12,8.3,196,8:55,9,37,0,2,0.0
Vasily Podkolzin,21,VAN,RW,16,0,3,3,-2,9,-0.2,0,0,0,0,3,0,0,18,0.0,201,12:34,7,21,2,4,33.3
Ryan Poehling,24,PIT,C,30,4,4,8,3,2,0.7,3,0,1,0,3,0,1,34,11.8,337,11:15,19,42,95,120,44.2
Brayden Point,26,TBL,C,32,17,15,32,2,2,3.5,12,5,0,5,10,5,0,97,17.5,651,20:21,11,13,181,209,46.4
Tucker Poolman,29,VAN,D,3,0,1,1,1,0,0.2,0,0,0,0,1,0,0,3,0.0,42,13:58,2,2,0,0,
Samuel Poulin,21,PIT,RW,3,0,1,1,-3,2,-0.1,0,0,0,0,0,1,0,2,0.0,30,9:58,1,3,8,9,47.1
Owen Power,20,BUF,D,29,0,10,10,9,16,1.8,0,0,0,0,7,2,1,42,0.0,685,23:38,37,14,0,0,
Aliaksei Protas,22,WSH,C,36,3,4,7,1,4,0.4,3,0,0,0,4,0,0,43,7.0,392,10:53,8,24,3,16,15.8
Ivan Provorov,26,PHI,D,35,1,11,12,-10,10,1.5,1,0,0,0,9,2,0,69,1.4,817,23:21,84,54,0,0,
Jesse Puljujarvi,24,EDM,RW,35,2,6,8,-12,9,-0.4,2,0,0,0,6,0,0,50,4.0,459,13:06,10,73,0,1,0.0
Ryan Pulock,28,NYI,D,35,2,11,13,10,8,2.7,2,0,0,1,8,3,0,49,4.1,699,19:59,57,55,0,0,
Jack Quinn,21,BUF,RW,27,6,11,17,4,0,1.6,5,1,0,1,6,5,0,40,15.0,376,13:55,2,14,6,11,35.3

Taylor Raddysh,24,CHI,RW,32,10,4,14,-12,6,1.2,6,4,0,0,2,2,0,45,22.2,517,16:09,14,37,5,4,55.6
Rickard Rakell,29,PIT,RW,33,13,9,22,10,4,2.7,9,4,0,0,6,3,0,102,12.7,599,18:08,24,60,6,4,60.0
Sampo Ranta,22,COL,LW,5,0,0,0,0,2,-0.1,0,0,0,0,0,0,0,5,0.0,36,7:12,2,7,0,1,0.0
Mikko Rantanen,26,COL,RW,32,23,19,42,8,24,5.4,19,4,0,4,6,13,0,122,18.9,733,22:55,17,42,90,125,41.9
Michael Rasmussen,23,DET,C,30,6,9,15,-5,25,1.1,6,0,0,0,9,0,0,46,13.0,434,14:28,26,65,153,157,49.4
Jack Rathbone,23,VAN,D,6,0,1,1,-3,0,-0.1,0,0,0,0,1,0,0,7,0.0,93,15:25,3,1,0,0,
Aatu Raty,20,NYI,C,1,1,0,1,1,0,0.2,1,0,0,0,0,0,0,3,33.3,11,11:25,0,2,2,5,28.6
Lucas Raymond,20,DET,LW,32,8,10,18,-8,14,1.2,4,4,0,3,5,5,0,57,14.0,559,17:28,5,14,3,5,37.5
Ryan Reaves,36,TOT,RW,26,0,4,4,-3,19,-0.1,0,0,0,0,4,0,0,11,0.0,246,9:27,9,78,3,7,30.0
Ryan Reaves,36,MIN,RW,14,0,4,4,2,7,0.2,0,0,0,0,4,0,0,8,0.0,145,10:19,5,34,1,3,25.0
Ryan Reaves,36,NYR,RW,12,0,0,0,-5,12,-0.3,0,0,0,0,0,0,0,3,0.0,101,8:27,4,44,2,4,33.3
Pavol Regenda,23,ANA,F,14,1,2,3,-3,4,0.0,1,0,0,0,2,0,0,17,5.9,148,10:33,13,8,1,1,50.0
Alec Regula,22,CHI,D,4,0,0,0,-3,4,-0.1,0,0,0,0,0,0,0,2,0.0,66,16:36,8,4,0,0,
Lukas Reichel,20,CHI,LW,1,0,0,0,-1,0,-0.1,0,0,0,0,0,0,0,0,,14,13:58,0,0,3,1,75.0
Mike Reilly,29,BOS,D,10,0,1,1,0,2,0.2,0,0,0,0,1,0,0,12,0.0,167,16:44,10,21,0,0,
Sam Reinhart,27,FLA,C,35,12,12,24,-3,6,2.0,6,6,0,1,9,2,1,99,12.1,692,19:47,17,21,52,71,42.3
Dan Renouf,28,BOS,D,1,0,0,0,-3,0,-0.2,0,0,0,0,0,0,0,5,0.0,12,11:34,2,1,0,0,
Anthony Richard,26,MTL,C,3,1,0,1,2,2,0.2,1,0,0,0,0,0,0,3,33.3,32,10:38,0,5,0,0,
Morgan Rielly,28,TOR,D,20,0,16,16,-1,7,1.9,0,0,0,0,10,6,0,34,0.0,460,23:00,24,22,0,0,
Rasmus Ristolainen,28,PHI,D,28,0,1,1,-7,20,0.2,0,0,0,0,1,0,0,28,0.0,514,18:21,66,67,0,0,
Brett Ritchie,29,CGY,RW,27,6,2,8,3,21,1.0,6,0,0,0,2,0,0,35,17.1,251,9:17,4,51,2,0,100.0
Nick Ritchie,27,ARI,LW,29,7,6,13,-7,26,1.0,3,4,0,2,3,3,0,40,17.5,394,13:35,9,71,2,6,25.0

Jason Robertson,23,DAL,LW,35,24,26,50,19,8,6.9,18,6,0,5,13,13,0,147,16.3,645,18:26,4,17,0,1,0.0
Nicholas Robertson,21,TOR,LW,15,2,3,5,2,0,0.5,2,0,0,1,3,0,0,27,7.4,163,10:53,7,18,2,1,66.7
Buddy Robinson,31,CHI,RW,1,0,0,0,-1,0,-0.1,0,0,0,0,0,0,0,0,,11,11:03,0,3,0,0,
Eric Robinson,27,CBJ,LW,31,3,7,10,-9,6,0.3,3,0,0,1,5,0,2,44,6.8,428,13:47,11,51,1,7,12.5
Evan Rodrigues,29,COL,C,23,7,5,12,-2,12,1.1,3,4,0,0,5,0,0,67,10.4,429,18:38,7,13,74,77,49.0
Alexander Romanov,23,NYI,D,35,1,10,11,7,23,2.2,1,0,0,0,10,0,0,45,2.2,711,20:18,71,90,0,0,
Kevin Rooney,29,CGY,C,17,0,1,1,-2,7,-0.2,0,0,0,0,1,0,0,14,0.0,151,8:52,10,26,44,61,41.9
Filip Roos,24,CHI,D,15,1,2,3,-7,4,0.3,1,0,0,0,2,0,0,17,5.9,245,16:19,17,11,0,0,
Calle Rosen,28,STL,D,17,2,4,6,9,4,1.6,2,0,0,1,4,0,0,21,9.5,238,13:59,20,6,0,0,
Jack Roslovic,26,CBJ,C,30,3,15,18,-4,8,1.1,0,1,2,0,11,4,0,49,6.1,497,16:34,23,19,183,203,47.4
Marco Rossi,21,MIN,C,16,0,1,1,-4,6,-0.4,0,0,0,0,1,0,0,11,0.0,199,12:26,7,4,56,67,45.5
Matt Roy,27,LAK,D,37,4,8,12,-1,12,2.0,4,0,0,0,7,0,1,68,5.9,682,18:26,66,53,0,0,
Nicolas Roy,25,VEG,C,33,5,8,13,-1,12,0.9,3,2,0,1,5,2,1,40,12.5,515,15:37,20,43,196,193,50.4
Chad Ruhwedel,32,PIT,D,16,0,1,1,1,10,0.4,0,0,0,0,1,0,0,10,0.0,218,13:39,15,21,0,0,
Bryan Rust,30,PIT,RW,33,9,12,21,-8,11,1.6,7,2,0,0,8,3,1,88,10.2,578,17:32,16,38,2,2,50.0
Jan Rutta,32,PIT,D,33,3,3,6,9,22,2.0,3,0,0,0,3,0,0,43,7.0,569,17:14,39,41,0,0,
Adam Ruzicka,23,CGY,C,25,6,14,20,5,6,2.1,4,2,0,2,10,4,0,40,15.0,321,12:50,3,18,30,36,45.5
Derek Ryan,36,EDM,C,34,5,4,9,-1,18,0.6,5,0,0,0,4,0,0,36,13.9,360,10:35,20,23,81,85,48.8
Jonas Rndbjerg,23,VEG,RW,5,0,0,0,-2,4,-0.2,0,0,0,0,0,0,0,2,0.0,48,9:32,0,0,1,1,50.0
Brandon Saad,30,STL,LW,27,7,3,10,-6,6,0.7,6,0,1,0,3,0,0,49,14.3,455,16:52,12,14,0,2,0.0

Robin Salo,24,NYI,D,11,2,2,4,1,4,0.8,2,0,0,0,2,0,0,9,22.2,123,11:11,13,6,0,0,
Dylan Samberg,24,WPG,D,25,1,4,5,2,10,1.2,1,0,0,0,4,0,0,21,4.8,384,15:21,45,42,0,0,
Mattias Samuelsson,22,BUF,D,19,1,1,2,14,12,1.4,1,0,0,0,1,0,0,31,3.2,429,22:36,38,47,0,0,
Jake Sanderson,20,OTT,D,33,1,11,12,2,4,2.4,0,1,0,0,6,5,0,55,1.8,686,20:48,53,23,0,0,
Rasmus Sandin,22,TOR,D,33,2,12,14,7,15,2.6,2,0,0,0,6,6,0,33,6.1,597,18:06,38,74,0,0,
Zach Sanford,28,NSH,LW,8,1,1,2,-3,2,0.0,1,0,0,1,1,0,0,9,11.1,97,12:04,6,9,1,0,100.0
Travis Sanheim,26,PHI,D,35,4,10,14,-6,22,2.2,3,0,1,0,9,1,0,53,7.5,737,21:03,61,36,0,0,
David Savard,32,MTL,D,24,1,7,8,-4,18,1.1,1,0,0,1,7,0,0,24,4.2,535,22:17,74,19,0,0,
Mark Scheifele,29,WPG,C,34,20,8,28,-1,28,3.3,14,6,0,2,6,2,0,93,21.5,711,20:54,15,20,238,281,45.9
Brayden Schenn,31,STL,C,34,7,19,26,-12,23,1.8,6,1,0,1,14,5,0,55,12.7,599,17:37,6,54,102,136,42.9
Luke Schenn,33,VAN,D,33,2,7,9,4,52,1.7,2,0,0,0,7,0,0,43,4.7,579,17:33,56,152,0,0,
Nick Schmaltz,26,ARI,C,17,6,8,14,0,10,1.4,5,1,0,1,7,1,0,35,17.1,314,18:28,7,4,20,29,40.8
Nate Schmidt,31,WPG,D,29,3,3,6,6,2,2.0,1,2,0,0,2,1,0,37,8.1,577,19:54,40,19,0,0,
Braden Schneider,21,NYR,D,35,4,4,8,10,5,2.4,4,0,0,0,4,0,0,32,12.5,528,15:05,49,53,0,0,
Justin Schultz,32,SEA,D,30,3,14,17,5,22,2.3,3,0,0,1,7,7,0,46,6.5,554,18:28,35,12,0,0,
Jaden Schwartz,30,SEA,C,31,8,9,17,-10,8,0.9,3,5,0,1,9,0,0,63,12.7,556,17:56,7,28,45,43,51.1
Lukas Sedlak,29,TOT,C,30,3,5,8,4,12,0.6,3,0,0,0,4,0,1,44,6.8,366,12:12,31,58,88,102,46.3
Lukas Sedlak,29,PHI,C,27,3,5,8,3,12,0.6,3,0,0,0,4,0,1,43,7.0,343,12:42,27,53,84,92,47.7
Lukas Sedlak,29,COL,C,3,0,0,0,1,0,0.0,0,0,0,0,0,0,0,1,0.0,23,7:42,4,5,4,10,28.6
Nick Seeler,29,PHI,D,33,3,3,6,3,28,1.7,3,0,0,0,3,0,0,34,8.8,462,14:01,53,46,0,0,
Tyler Seguin,31,DAL,C,35,7,17,24,4,14,2.1,5,2,0,2,15,2,0,76,9.2,589,16:50,11,28,253,200,55.8
Moritz Seider,21,DET,D,32,2,10,12,-14,12,1.0,2,0,0,1,5,4,1,50,4.0,734,22:57,78,71,0,0,

Mikhail Sergachev,24,TBL,D,30,5,22,27,-1,26,3.4,3,2,0,1,10,11,1,50,10.0,709,23:37,62,36,0,0,
Damon Severson,28,NJD,D,33,2,4,6,0,24,1.3,2,0,0,1,2,2,0,34,5.9,616,18:39,39,18,0,0,
Yegor Sharangovich,24,NJD,C,34,10,7,17,0,6,1.8,8,0,2,2,6,0,1,65,15.4,484,14:15,21,10,11,17,39.3
Kevin Shattenkirk,34,ANA,D,31,0,9,9,-3,28,1.3,0,0,0,0,8,1,0,68,0.0,559,18:01,44,41,0,0,
Mason Shaw,24,MIN,C,28,4,7,11,3,49,1.0,4,0,0,0,5,0,2,46,8.7,327,11:40,8,49,8,7,53.3
Riley Sheahan,31,BUF,C,2,0,0,0,-2,4,-0.1,0,0,0,0,0,0,0,0,,17,8:19,1,0,7,3,70.0
Conor Sheary,30,WSH,LW,36,10,11,21,-1,14,2.0,7,2,1,1,7,4,0,76,13.2,591,16:24,15,21,13,13,50.0
Kiefer Sherwood,27,NSH,RW,5,1,1,2,1,11,0.2,1,0,0,0,1,0,0,4,25.0,50,10:02,0,8,1,0,100.0
Devin Shore,28,EDM,C,28,0,3,3,2,2,-0.1,0,0,0,0,3,0,0,17,0.0,244,8:43,16,29,53,54,49.5
Jonas Siegenthaler,25,NJD,D,34,1,11,12,16,22,3.0,0,1,0,0,11,0,0,42,2.4,704,20:42,62,38,0,0,
Jakob Silfverberg,32,ANA,LW,34,5,4,9,-13,8,0.0,4,1,0,0,3,1,0,63,7.9,521,15:20,26,6,12,14,46.2
Cole Sillinger,19,CBJ,C,30,2,4,6,-6,12,0.0,1,1,0,0,4,0,0,41,4.9,379,12:38,12,39,136,166,45.0
Radim Simek,30,SJS,D,29,1,1,2,-8,25,0.2,1,0,0,0,1,0,0,28,3.6,439,15:08,51,58,0,0,
Wayne Simmonds,34,TOR,RW,7,0,1,1,0,8,0.0,0,0,0,0,1,0,0,6,0.0,53,7:38,4,18,0,0,
Colton Sissons,29,NSH,C,32,3,5,8,-1,2,0.3,3,0,0,0,5,0,0,30,10.0,494,15:26,23,76,237,201,54.1
Jeff Skinner,30,BUF,LW,29,16,20,36,13,25,4.5,11,5,0,0,14,6,0,93,17.2,493,17:00,6,15,56,60,48.3
Brady Skjei,28,CAR,D,33,6,8,14,11,8,3.6,4,1,1,2,8,0,0,74,8.1,712,21:35,25,34,0,0,
Juraj Slafkovsky,18,MTL,LW,29,4,6,10,-2,31,0.8,3,1,0,0,5,1,0,32,12.5,345,11:54,19,33,3,3,50.0
Jaccob Slavin,28,CAR,D,34,2,8,10,8,6,2.6,2,0,0,1,7,0,1,59,3.4,773,22:44,55,25,0,0,
Brendan Smith,33,NJD,D,33,0,3,3,1,38,0.8,0,0,0,0,3,0,0,34,0.0,481,14:34,39,65,0,0,

Cole Smith,27,NSH,F,32,0,6,6,0,32,0.0,0,0,0,0,6,0,0,37,0.0,376,11:45,10,85,0,4,0.0
Craig Smith,33,BOS,C,19,1,3,4,1,6,0.2,1,0,0,0,2,1,0,24,4.2,186,9:47,3,18,0,2,0.0
Givani Smith,24,TOT,RW,3,0,0,0,-3,7,-0.2,0,0,0,0,0,0,0,4,0.0,27,8:58,1,8,0,0,
Givani Smith,24,DET,RW,2,0,0,0,-3,0,-0.1,0,0,0,0,0,0,0,3,0.0,20,9:57,1,4,0,0,
Givani Smith,24,FLA,RW,1,0,0,0,0,7,0.0,0,0,0,0,0,0,0,1,0.0,7,7:01,0,4,0,0,
Reilly Smith,31,VEG,RW,36,17,9,26,3,8,3.3,7,6,4,3,8,1,0,92,18.5,616,17:07,13,25,2,1,66.7
Joe Snively,27,WSH,F,5,0,1,1,-1,0,0.0,0,0,0,0,1,0,0,9,0.0,60,11:56,2,2,1,0,100.0
Elmer Soderblom,21,DET,RW,16,4,1,5,-1,6,0.5,4,0,0,1,1,0,0,24,16.7,201,12:34,9,16,1,1,50.0
Nikita Soshnikov,29,NYI,RW,3,0,0,0,-2,0,-0.1,0,0,0,0,0,0,0,4,0.0,30,9:56,0,8,0,1,0.0
Carson Soucy,28,SEA,D,32,2,6,8,10,33,1.7,2,0,0,0,6,0,0,36,5.6,529,16:31,33,68,0,0,
Jordan Spence,21,LAK,D,3,0,0,0,0,0,0.0,0,0,0,0,0,0,0,4,0.0,43,14:19,3,2,0,0,
Daniel Sprong,25,SEA,RW,25,10,9,19,11,4,2.6,7,3,0,2,5,4,0,53,18.9,265,10:37,3,12,1,2,33.3
Jared Spurgeon,33,MIN,D,33,3,11,14,14,10,3.5,3,0,0,1,8,2,1,58,5.2,699,21:12,68,34,0,0,
Eric Staal,38,FLA,C,28,3,5,8,-10,10,0.0,3,0,0,0,5,0,0,49,6.1,395,14:06,18,13,150,174,46.3
Jordan Staal,34,CAR,C,34,10,7,17,6,10,2.0,10,0,0,3,7,0,0,53,18.9,564,16:35,14,78,325,281,53.6
Marc Staal,36,FLA,D,35,0,4,4,-3,8,0.5,0,0,0,0,4,0,0,24,0.0,637,18:12,51,63,0,0,
Steven Stamkos,32,TBL,C,32,16,22,38,3,16,4.1,9,7,0,2,14,8,0,109,14.7,620,19:22,25,38,192,175,52.3
Logan Stanley,24,WPG,D,7,0,1,1,0,6,0.2,0,0,0,0,1,0,0,5,0.0,95,13:35,8,20,0,0,
Paul Stastny,37,CAR,C,33,1,7,8,0,14,0.2,1,0,0,1,6,1,0,34,2.9,403,12:12,7,15,115,79,59.3
Troy Stecher,28,ARI,D,32,0,2,2,-5,23,0.3,0,0,0,0,2,0,0,38,0.0,528,16:29,47,30,0,0,
Sam Steel,24,MIN,C,33,6,7,13,6,10,1.3,6,0,0,1,6,1,0,45,13.3,458,13:53,6,19,163,164,49.8
Kevin Stenlund,26,WPG,C,7,2,1,3,2,2,0.4,2,0,0,0,1,0,0,10,20.0,84,12:03,3,3,30,27,52.6

Derek Stepan,32,CAR,C,31,2,2,4,4,4,0.3,2,0,0,0,2,0,0,48,4.2,279,9:00,7,9,94,83,53.1
Chandler Stephenson,28,VEG,C,36,9,27,36,9,14,3.5,4,4,1,3,18,7,2,59,15.3,714,19:50,24,43,312,195,61.5
Riley Stillman,24,VAN,D,19,0,3,3,-7,19,-0.1,0,0,0,0,3,0,0,19,0.0,288,15:09,16,26,0,0,
Mark Stone,30,VEG,RW,36,15,15,30,11,8,3.6,11,3,1,1,11,4,0,100,15.0,706,19:37,21,28,0,3,0.0
Michael Stone,32,CGY,D,25,4,4,8,5,12,1.8,4,0,0,0,2,2,0,47,8.5,327,13:06,25,27,0,0,
Anton Stralman,36,BOS,D,8,0,0,0,-3,2,-0.1,0,0,0,0,0,0,0,3,0.0,123,15:22,10,12,0,0,
Austin Strand,25,ANA,D,5,0,0,0,-2,2,-0.1,0,0,0,0,0,0,0,5,0.0,62,12:24,4,5,0,0,
Dylan Strome,25,WSH,C,36,6,19,25,-9,10,1.7,4,2,0,1,10,9,0,62,9.7,611,16:59,18,9,233,249,48.3
Ryan Strome,29,ANA,C,35,8,10,18,-14,27,1.0,7,1,0,2,9,1,0,57,14.0,593,16:56,11,16,241,309,43.8
Jack Studnicka,23,TOT,C,16,2,1,3,-5,6,0.0,2,0,0,1,1,0,0,21,9.5,164,10:16,6,15,21,28,42.9
Jack Studnicka,23,VAN,C,15,2,1,3,-4,2,0.0,2,0,0,1,1,0,0,21,9.5,156,10:25,6,15,21,26,44.7
Jack Studnicka,23,BOS,C,1,0,0,0,-1,4,-0.1,0,0,0,0,0,0,0,0,,8,8:01,0,0,0,2,0.0
Nico Sturm,27,SJS,C,27,9,2,11,-3,11,1.2,9,0,0,1,2,0,0,43,20.9,400,14:48,17,40,155,111,58.3
Tim Sttzle,21,OTT,LW,29,10,18,28,-10,20,2.6,6,4,0,1,8,10,0,70,14.3,582,20:05,20,50,84,114,42.4
C.J. Suess,28,SJS,LW,1,0,0,0,-1,2,0.0,0,0,0,0,0,0,0,0,,6,5:50,0,1,0,1,0.0
Oskar Sundqvist,28,DET,C,25,5,8,13,-1,20,1.0,3,2,0,0,5,3,0,29,17.2,402,16:06,12,22,21,27,43.8
Pius Suter,26,DET,F,31,4,6,10,0,2,0.7,3,0,1,0,6,0,0,45,8.9,400,12:54,17,17,60,70,46.2
Ryan Suter,38,DAL,D,35,0,8,8,-7,18,0.8,0,0,0,0,6,2,0,44,0.0,751,21:27,54,43,0,0,
Nick Suzuki,23,MTL,C,34,15,16,31,-4,10,3.2,9,5,1,0,13,3,0,65,23.1,717,21:05,17,20,250,266,48.4
Andrei Svechnikov,22,CAR,RW,34,18,13,31,-1,20,3.8,15,3,0,1,6,7,0,102,17.6,624,18:21,5,68,1,0,100.0
Evgeny Svechnikov,26,SJS,LW,27,3,4,7,0,10,0.5,3,0,0,0,4,0,0,26,11.5,301,11:09,11,39,5,3,62.5
Brandon Tanev,31,SEA,LW,32,5,11,16,15,17,1.6,5,0,0,2,11,0,0,50,10.0,472,14:46,32,81,2,10,16.7

Chris Tanev,33,CGY,D,27,0,5,5,-3,4,0.7,0,0,0,0,5,0,0,26,0.0,544,20:09,66,21,0,0,
Vladimir Tarasenko,31,STL,RW,32,10,18,28,-11,8,2.3,7,2,1,0,12,6,0,85,11.8,569,17:46,13,38,0,2,0.0
Tomas Tatar,32,NJD,LW,34,9,10,19,20,14,2.6,9,0,0,0,10,0,0,68,13.2,519,15:17,20,27,8,15,34.8
John Tavares,32,TOR,C,34,14,17,31,-1,14,3.2,7,7,0,2,8,9,0,115,12.2,592,17:24,15,48,336,223,60.1
Teuvo Teravainen,28,CAR,F,24,2,10,12,0,4,0.7,0,1,1,0,7,3,0,55,3.6,399,16:38,6,8,11,7,61.1
Troy Terry,25,ANA,C,35,12,17,29,-6,10,2.6,8,4,0,2,13,4,0,107,11.2,700,20:00,12,9,1,0,100.0
Shea Theodore,27,VEG,D,29,4,18,22,14,6,4.2,3,1,0,1,14,4,0,74,5.4,633,21:51,41,11,0,0,
Robert Thomas,23,STL,C,33,8,23,31,-3,4,2.6,6,2,0,0,15,8,0,47,17.0,634,19:13,14,6,297,250,54.3
Tage Thompson,25,BUF,C,32,26,24,50,12,18,6.5,13,12,1,4,14,10,0,146,17.8,605,18:54,10,16,164,228,41.8
Lassi Thomson,22,OTT,D,2,0,0,0,-2,4,-0.1,0,0,0,0,0,0,0,1,0.0,22,10:54,0,2,0,0,
Chris Tierney,28,FLA,C,5,2,1,3,1,0,0.4,2,0,0,0,1,0,0,3,66.7,38,7:40,2,2,10,5,66.7
Conor Timmins,24,TOT,D,10,0,6,6,0,0,0.7,0,0,0,0,5,1,0,8,0.0,152,15:10,4,8,0,0,
Conor Timmins,24,TOR,D,8,0,6,6,2,0,0.8,0,0,0,0,5,1,0,5,0.0,134,16:48,4,8,0,0,
Conor Timmins,24,ARI,D,2,0,0,0,-2,0,-0.1,0,0,0,0,0,0,0,3,0.0,17,8:34,0,0,0,0,
Jarred Tinordi,30,CHI,D,25,2,3,5,-4,15,1.0,2,0,0,1,3,0,0,17,11.8,419,16:47,37,92,0,0,
Owen Tippett,23,PHI,RW,30,10,6,16,-8,8,1.5,6,4,0,1,6,0,0,72,13.9,483,16:06,24,59,9,3,75.0
Brady Tkachuk,23,OTT,LW,33,13,24,37,-11,45,3.6,8,5,0,4,13,11,0,143,9.1,612,18:32,5,81,145,140,50.9
Matthew Tkachuk,25,FLA,LW,32,15,25,40,6,57,4.2,13,2,0,0,15,10,0,115,13.0,655,20:27,11,22,8,12,40.0
Devon Toews,28,COL,D,30,2,16,18,6,6,3.4,2,0,0,0,14,2,0,56,3.6,754,25:08,52,22,0,0,
Jonathan Toews,34,CHI,C,31,11,9,20,-15,33,1.8,4,7,0,1,7,2,0,59,18.6,552,17:49,18,3,381,200,65.6
Tyler Toffoli,30,CGY,C,35,14,14,28,7,14,3.3,9,5,0,2,9,5,0,105,13.3,593,16:57,6,39,3,3,50.0
Eeli Tolvanen,23,NSH,RW,13,2,2,4,-2,4,0.2,2,0,0,1,2,0,0,19,10.5,167,12:49,16,22,1,2,33.3

Dominic Toninato,28,WPG,C,4,0,1,1,1,2,0.1,0,0,0,0,1,0,0,5,0.0,28,7:03,1,4,3,5,37.5
Alexey Toropchenko,23,STL,RW,21,1,1,2,-2,6,-0.1,1,0,0,0,1,0,0,24,4.2,213,10:08,8,50,0,0,
Yakov Trenin,26,NSH,C,27,2,5,7,2,8,0.4,2,0,0,0,5,0,0,47,4.3,385,14:16,14,64,5,5,50.0
Vincent Trocheck,29,NYR,C,35,12,16,28,-5,20,2.4,5,7,0,0,11,5,0,106,11.3,708,20:14,15,87,310,240,56.4
Jacob Trouba,28,NYR,D,35,2,9,11,-3,37,1.7,1,0,1,0,8,0,1,101,2.0,744,21:15,86,109,0,0,
Alex Tuch,26,BUF,RW,32,15,20,35,11,6,4.0,10,5,0,4,13,7,0,91,16.5,599,18:44,18,22,11,12,47.8
Tyler Tucker,22,STL,D,4,0,0,0,0,5,0.0,0,0,0,0,0,0,0,4,0.0,52,13:01,6,8,0,0,
Riley Tufte,24,DAL,LW,3,0,0,0,-1,0,-0.1,0,0,0,0,0,0,0,1,0.0,24,7:57,0,6,0,0,
Urho Vaakanainen,24,ANA,D,9,0,0,0,-5,0,-0.2,0,0,0,0,0,0,0,8,0.0,150,16:41,11,6,0,0,
Juuso Valimaki,24,ARI,D,28,2,5,7,-3,12,1.1,2,0,0,0,1,4,0,25,8.0,423,15:07,25,15,0,0,
James van Riemsdyk,33,PHI,LW,15,5,8,13,1,8,1.4,3,2,0,0,6,2,0,34,14.7,249,16:36,5,5,0,2,0.0
Trevor van Riemsdyk,31,WSH,D,36,4,4,8,1,15,1.9,4,0,0,0,3,1,0,29,13.8,629,17:28,71,13,0,0,
Frank Vatrano,28,ANA,LW,35,6,9,15,-12,26,0.6,5,1,0,0,8,1,0,106,5.7,622,17:47,32,49,1,7,12.5
Joe Veleno,23,DET,C,31,4,5,9,4,10,0.7,4,0,0,0,4,1,0,23,17.4,374,12:04,14,66,82,142,36.6
Carter Verhaeghe,27,FLA,C,34,17,11,28,2,24,3.2,13,4,0,1,9,2,0,101,16.8,595,17:31,11,12,3,5,37.5
Jimmy Vesey,29,NYR,LW,34,6,6,12,7,4,1.2,5,0,1,2,6,0,0,55,10.9,466,13:43,24,48,3,7,30.0
Jeffrey Viel,26,SJS,F,1,0,0,0,0,2,0.0,0,0,0,0,0,0,0,1,0.0,7,7:22,1,2,0,0,
Gabriel Vilardi,23,LAK,C,36,14,8,22,2,6,2.4,10,4,0,3,7,1,0,73,19.2,573,15:56,19,24,32,41,43.8
Marc-Edouard Vlasic,35,SJS,D,35,0,8,8,-11,0,0.7,0,0,0,0,8,0,0,28,0.0,646,18:28,53,17,0,0,
Jakub Voracek,33,CBJ,RW,11,1,5,6,-7,0,0.2,0,1,0,0,5,0,0,17,5.9,176,15:58,7,2,1,2,33.3

Jakub Vrana,26,DET,LW,2,1,1,2,1,0,0.3,1,0,0,0,1,0,0,5,20.0,23,11:36,0,2,0,1,0.0
Oliver Wahlstrom,22,NYI,RW,34,7,9,16,5,32,1.8,6,1,0,1,9,0,0,70,10.0,425,12:31,15,49,7,13,35.0
Nathan Walker,28,STL,C,20,1,1,2,-2,13,-0.1,1,0,0,1,1,0,0,11,9.1,196,9:49,18,27,2,2,50.0
Samuel Walker,23,MIN,C,4,0,0,0,1,0,0.0,0,0,0,0,0,0,0,3,0.0,37,9:10,1,2,0,0,
Sean Walker,28,LAK,D,30,1,6,7,-4,18,0.8,1,0,0,0,6,0,0,40,2.5,444,14:48,40,31,0,0,
Jake Walman,26,DET,D,16,1,1,2,14,12,1.6,1,0,0,0,1,0,0,32,3.1,275,17:13,25,12,0,0,
Austin Watson,31,OTT,LW,33,2,2,4,-8,36,-0.1,1,0,1,0,2,0,0,31,6.5,335,10:09,21,78,4,6,40.0
MacKenzie Weegar,29,CGY,D,34,0,7,7,2,26,1.4,0,0,0,0,7,0,0,59,0.0,716,21:04,51,74,0,0,
Alexander Wennberg,28,SEA,C,32,6,9,15,-3,6,0.6,4,2,0,0,6,3,0,43,14.0,618,19:19,26,19,231,284,44.9
Zach Werenski,25,CBJ,D,13,3,5,8,-6,0,0.9,3,0,0,0,3,2,0,41,7.3,307,23:36,24,5,0,0,
Blake Wheeler,36,WPG,RW,29,9,17,26,1,20,2.4,4,5,0,4,15,2,0,66,13.6,517,17:50,14,18,9,13,40.9
Colin White,26,FLA,C,31,5,7,12,-1,6,0.9,5,0,0,0,7,0,0,37,13.5,360,11:37,9,22,32,44,42.1
Colton White,25,ANA,D,16,0,1,1,-5,6,0.0,0,0,0,0,1,0,0,10,0.0,201,12:35,13,9,0,0,
Zach Whitecloud,26,VEG,D,30,1,5,6,0,23,1.2,1,0,0,0,5,0,0,26,3.8,500,16:39,56,50,0,0,
Chris Wideman,33,MTL,D,21,0,4,4,6,41,1.1,0,0,0,0,2,2,0,24,0.0,314,14:58,25,11,0,0,
Maxwell Willman,27,PHI,C,9,0,0,0,-3,4,-0.2,0,0,0,0,0,0,0,9,0.0,81,8:58,6,16,0,3,0.0
Miles Wood,27,NJD,LW,33,7,7,14,3,39,1.4,7,0,0,0,7,0,0,86,8.1,443,13:26,8,46,1,4,20.0
Parker Wotherspoon,25,NYI,D,1,0,0,0,0,0,0.0,0,0,0,0,0,0,0,2,0.0,15,14:47,1,1,0,0,
Shane Wright,19,SEA,C,8,1,1,2,4,2,0.3,1,0,0,0,1,0,0,4,25.0,68,8:29,6,1,10,21,32.3
Arber Xhekaj,22,MTL,D,32,4,6,10,2,65,1.9,3,1,0,0,6,0,0,52,7.7,486,15:11,29,96,0,0,

Kailer Yamamoto,24,EDM,RW,23,2,5,7,5,8,0.3,2,0,0,1,5,0,0,29,6.9,382,16:37,8,41,3,1,75.0
Cameron York,22,PHI,D,8,1,4,5,5,0,1.1,1,0,0,0,3,0,1,4,25.0,148,18:33,10,8,0,0,
Pavel Zacha,25,BOS,C,33,3,17,20,5,6,1.5,2,1,0,1,14,2,1,55,5.5,520,15:46,7,26,36,63,36.4
Filip Zadina,23,DET,RW,9,0,0,0,-3,4,-0.3,0,0,0,0,0,0,0,12,0.0,126,13:57,5,9,0,2,0.0
Nikita Zadorov,27,CGY,D,35,4,3,7,10,39,2.4,4,0,0,0,2,1,0,60,6.7,689,19:40,39,86,0,0,
Nikita Zaitsev,31,OTT,D,18,0,3,3,-6,6,0.3,0,0,0,0,3,0,0,6,0.0,311,17:16,32,39,0,0,
Yegor Zamula,22,PHI,D,11,0,2,2,-1,0,0.3,0,0,0,0,2,0,0,6,0.0,151,13:45,8,6,0,0,
Jakub Zboril,25,BOS,D,13,1,0,1,-1,2,0.3,1,0,0,1,0,0,0,8,12.5,176,13:34,11,13,0,0,
Trevor Zegras,21,ANA,C,35,10,15,25,-13,32,1.8,8,2,0,1,9,6,0,76,13.2,692,19:46,11,24,98,152,39.2
Fabian Zetterlund,23,NJD,W,29,5,8,13,9,6,1.4,4,1,0,1,6,2,0,61,8.2,388,13:23,9,23,3,7,30.0
Mika Zibanejad,29,NYR,C,35,15,23,38,10,8,4.2,4,10,1,3,15,8,0,133,11.3,729,20:50,12,29,262,306,46.1
Radim Zohorna,26,CGY,F,5,0,0,0,-1,0,-0.1,0,0,0,0,0,0,0,3,0.0,41,8:12,0,3,14,12,53.8
Artem Zub,27,OTT,D,14,2,2,4,-1,10,1.0,2,0,0,0,2,0,0,15,13.3,308,22:01,16,52,0,0,
Mats Zuccarello,35,MIN,LW,33,15,22,37,-5,14,3.8,9,6,0,1,12,10,0,96,15.6,673,20:23,19,19,7,13,35.0
Jason Zucker,31,PIT,LW,29,6,15,21,6,12,2.0,6,0,0,1,9,6,0,69,8.7,448,15:27,9,85,2,8,20.0