Player, Age, Team, Pos, GP, G, A, PTS, +/-, PIM, PS, EV, PP, SH, GW, EV, PP, SH, S, S%, TOI, ATOI, BLK, HIT, FOW, FOL, FO%
Noel Acciari,31,STL,C,35,9,4,13,3,8,1.5,9,0,0,0,3,0,1,48,18.8,476,13:36,38,111,146,123,54.3
Calen Addison,22,MIN,D,33,2,14,16,-7,16,1.9,2,0,0,1,2,12,0,38,5.3,547,16:35,20,10,0,0,54.4
Sebastian Aho,26,NYI,D,32,3,5,8,5,2,1.8,3,0,0,0,5,0,0,38,7.9,502,15:41,23,15,0,0,26.7
Sebastian Aho,25,CAR,F,28,11,16,27,0,18,2.8,9,2,0,3,11,4,1,82,13.4,554,19:46,7,30,221,185,50
Nikita Alexandrov,22,STL,C,9,0,1,1,1,0,0,0,0,0,0,1,0,0,9,0,84,9:18,5,9,4,11,48.7
Alexander Alexeyev,23,WSH,D,6,0,1,1,-1,2,0.1,0,0,0,0,1,0,0,3,0,77,12:45,10,6,0,0,36.4
Wade Allison,25,PHI,RW,17,3,1,4,4,6,0.5,3,0,0,0,1,0,0,25,12,208,12:13,18,46,1,1,52
Michael Amadio,26,VEG,C,23,4,4,8,-4,8,0.6,3,1,0,0,4,0,0,35,11.4,253,11:00,8,26,19,20,53.3
Nils Aman,22,VAN,C,34,1,4,5,-8,2,-0.5,1,0,0,0,4,0,0,22,4.5,412,12:08,21,23,78,136,0
Joey Anderson,24,TOR,RW,7,1,0,1,-2,0,0,1,0,0,0,0,0,0,4,25,64,9:11,3,12,0,0,33.3
Josh Anderson,28,MTL,RW,32,8,3,11,-6,31,0.8,7,1,0,3,3,0,0,70,11.4,505,15:47,11,66,13,12,28.6
Michael Anderson,23,LAK,D,38,2,6,8,10,14,2.2,2,0,0,0,6,0,0,44,4.5,827,21:45,60,76,0,0,48.4
Jaret Anderson-Dolan,23,LAK,C,23,3,2,5,0,0,0.3,3,0,0,0,2,0,0,27,11.1,230,10:01,15,35,16,14,39.6
Lias Andersson,24,LAK,C,1,0,0,0,-1,0,-0.1,0,0,0,0,0,0,0,1,0,9,8:37,0,2,0,0,44.4
Rasmus Andersson,26,CGY,D,36,5,19,24,6,12,4,5,0,0,4,9,10,0,75,6.7,895,24:52:00,61,28,0,0,26.1
Mason Appleton,27,WPG,C,14,1,5,6,1,6,0.3,1,0,0,0,5,0,0,23,4.3,232,16:34,3,26,0,2,33.3
Josh Archibald,30,PIT,RW,30,4,2,6,8,18,0.7,4,0,0,0,2,0,0,41,9.8,307,10:15,11,109,1,2,40
Joel Armia,29,MTL,RW,23,0,3,3,-6,8,-0.5,0,0,0,0,3,0,0,43,0,338,14:42,15,15,2,5,0
Viktor Arvidsson,29,LAK,LW,34,10,17,27,-1,10,2.4,6,4,0,2,11,6,0,83,12,560,16:29,17,8,15,16,52.9
Rasmus Asplund,25,BUF,F,21,2,6,8,1,0,0.5,1,0,1,0,6,0,0,25,8,252,11:59,7,9,19,29,44.4
Zach Aston-Reese,28,TOR,C,33,3,1,4,-4,15,-0.1,3,0,0,1,1,0,0,34,8.8,384,11:39,24,72,4,5,0
Andreas Athanasiou,28,CHI,C,32,7,3,10,-11,22,0.6,6,1,0,1,2,1,0,64,10.9,511,15:59,25,20,6,17,0
Nicolas Aube-Kubel,26,TOT,RW,17,0,4,4,4,13,0.3,0,0,0,0,4,0,0,21,0,166,9:47,1,42,2,4,39.4
Nicolas Aube-Kubel,26,WSH,RW,11,0,4,4,5,9,0.4,0,0,0,0,4,0,0,19,0,112,10:10,0,21,2,3,56.5
Nicolas Aube-Kubel,26,TOR,RW,6,0,0,0,-1,4,-0.1,0,0,0,0,0,0,0,2,0,54,9:05,1,21,0,1,0
Mikael Backlund,33,CGY,C,36,7,12,19,6,22,1.6,5,1,1,1,10,1,1,104,6.7,637,17:41,11,40,318,283,41.7
Kevin Bahl,22,NJD,D,8,1,1,2,1,4,0.4,1,0,0,0,1,0,0,8,12.5,94,11:45,13,9,0,0,31.3
Josh Bailey,33,NYI,C,32,6,9,15,3,2,1.4,6,0,0,2,7,2,0,41,14.6,498,15:33,15,5,28,35,29.4
Rudolfs Balcers,25,TOT,LW,17,3,2,5,-1,4,0.4,3,0,0,0,2,0,0,24,12.5,173,10:12,4,7,0,2,34.8
Rudolfs Balcers,25,FLA,LW,14,2,2,4,-2,4,0.2,2,0,0,0,2,0,0,21,9.5,153,10:55,4,7,0,2,51.3
Rudolfs Balcers,25,TBL,LW,3,1,0,1,1,0,0.2,1,0,0,0,0,0,0,3,33.3,21,6:53,0,0,0,0,22.2
Alexander Barabanov,28,SJS,F,31,4,17,21,-10,8,1.2,3,1,0,0,9,8,0,60,6.7,553,17:50,22,20,0,0,22.2
Ivan Barbashev,27,STL,C,35,5,11,16,3,15,1.2,5,0,0,1,8,3,0,55,9.1,559,15:59,16,72,41,63,33.3
Cole Bardreau,29,NYI,F,1,0,0,0,0,2,0,0,0,0,0,0,0,0,0,7.3,7,6:37,0,2,0,0,45.1
Aleksander Barkov,27,FLA,C,25,6,16,22,5,0,1.8,2,4,0,1,10,6,0,82,0,539,21:33,17,11,330,254,60.3
Alex Barre-Boulet,25,TBL,F,1,0,0,0,0,0,0,0,0,0,0,0,0,0,1,7,10,10:01,0,0,0,1,44.9
Tyson Barrie,31,EDM,D,36,5,23,28,3,16,3.7,3,2,0,0,6,17,0,71,7.3,722,20:03,41,24,0,0,61.6
Morgan Barron,24,WPG,C,25,3,6,9,2,4,0.6,3,0,0,1,5,1,0,41,8,352,14:05,20,35,5,7,100
Mathew Barzal,25,NYI,C,36,7,28,35,6,16,3.3,5,2,0,1,16,12,0,88,11.5,679,18:52,18,20,70,154,0
Nathan Bastian,25,NJD,RW,21,3,5,8,4,15,0.7,3,0,0,1,5,0,0,26,11.2,288,13:43,18,50,5,12,36.8
Drake Batherson,24,OTT,C,34,12,21,33,-23,14,2.7,3,9,0,1,12,9,0,107,0,633,18:37,14,58,8,15,45.3
Gavin Bayreuther,28,CBJ,D,12,0,1,1,-2,6,0.1,0,0,0,0,1,0,0,13,6.3,181,15:04,19,14,0,0,52
Jake Bean,24,CBJ,D,14,1,5,6,-2,6,0.8,1,0,0,0,4,1,0,16,8.3,220,15:42,21,13,0,0,25
Ethan Bear,25,VAN,D,24,2,4,6,0,4,1,2,0,0,1,4,0,0,24,0,449,18:43,38,21,0,0,0
Nathan Beaulieu,30,ANA,D,21,0,3,3,-11,30,-0.2,0,0,0,0,3,0,0,10,11.3,276,13:09,36,28,0,0,48.8
Anthony Beauvillier,25,NYI,LW,33,8,8,16,3,8,1.6,8,0,0,1,8,0,0,71,0,506,15:20,12,27,0,0,23.5
Adam Beckman,21,MIN,LW,5,0,0,0,-1,0,-0.1,0,0,0,0,0,0,0,8,6.7,51,10:08,1,2,0,0,60
Pierre-Edouard Bellemare,37,TBL,LW,30,1,2,3,-3,13,-0.3,1,0,0,0,2,0,0,15,0,353,11:46,24,38,138,131,49.4
Kieffer Bellows,24,TOT,LW,13,0,0,0,-6,6,-0.5,0,0,0,0,0,0,0,19,0,150,11:30,5,31,2,7,37.5
Kieffer Bellows,24,PHI,LW,12,0,0,0,-5,6,-0.4,0,0,0,0,0,0,0,19,12.5,142,11:52,5,28,2,7,0
Kieffer Bellows,24,NYI,LW,1,0,0,0,-1,0,0,0,0,0,0,0,0,0,0,17.5,7,7:16,0,3,0,0,47.3
Emil Bemstrom,23,CBJ,C,7,2,2,4,0,2,0.4,2,0,0,0,1,1,0,16,17.3,90,12:54,1,5,1,2,52
Matthew Beniers,20,SEA,C,32,11,14,25,5,2,2.5,8,3,0,2,12,2,0,63,9.1,551,17:13,23,38,179,218,52.1
Jamie Benn,33,DAL,LW,36,14,20,34,11,16,4.2,7,7,0,1,12,8,0,81,6.4,545,15:08,15,43,237,156,40
Jordie Benn,35,TOR,D,8,1,1,2,2,10,0.5,1,0,0,1,1,0,0,11,3.8,132,16:27,23,23,0,0,24
Sam Bennett,26,FLA,C,35,7,16,23,-5,34,1.5,6,1,0,1,12,4,0,109,0,637,18:11,26,88,227,279,52.9
Matt Benning,28,SJS,D,36,1,13,14,-7,16,1.7,1,0,0,0,12,1,0,26,11,692,19:14,59,54,0,0,15.4
Simon Benoit,24,ANA,D,31,0,1,1,-13,39,-0.2,0,0,0,0,1,0,0,28,13.8,575,18:34,51,87,0,0,50
Tyler Benson,24,EDM,LW,2,0,0,0,0,0,0,0,0,0,0,0,0,0,0,0,13,6:17,0,2,0,0,0
Patrice Bergeron,37,BOS,C,34,13,15,28,19,4,3.5,8,5,0,2,10,5,0,118,0,617,18:09,26,29,483,301,33.3
Jonatan Berggren,22,DET,RW,19,4,6,10,-2,4,0.8,2,2,0,0,3,3,0,29,4.5,242,12:45,10,5,1,0,47.1
Jacob Bernard-Docker,22,OTT,D,6,0,1,1,1,7,0.3,0,0,0,0,1,0,0,6,0,106,17:44,6,9,0,0,0
Tim Berni,22,CBJ,D,10,0,0,0,-8,6,-0.4,0,0,0,0,0,0,0,14,13,184,18:21,14,20,0,0,54
Tyler Bertuzzi,27,DET,LW,9,1,3,4,-1,4,0.2,1,0,0,0,2,1,0,22,4.7,140,15:32,4,9,0,1,46.3
William Bitten,24,STL,C,4,0,1,1,1,0,0.1,0,0,0,0,1,0,0,0,0,27,6:39,0,10,0,0,16.7
Anders Bjork,26,BUF,LW,1,0,0,0,0,0,0,0,0,0,0,0,0,0,1,12.1,10,9:38,0,0,0,0,57.3
Marcus Bjork,25,CBJ,D,20,3,6,9,-5,16,1.2,2,1,0,0,2,4,0,23,0,391,19:33,36,27,0,0,47.4
Oliver Bjorkstrand,27,SEA,RW,32,4,12,16,1,4,0.9,3,1,0,0,10,2,0,86,0,494,15:27,22,23,7,12,37.7
Tobias Bjornfot,21,LAK,D,4,0,1,1,1,0,0.2,0,0,0,0,1,0,0,7,15.4,60,15:04,3,6,0,0,57.6
Nick Bjugstad,30,ARI,C,33,7,6,13,8,8,1.3,6,0,1,0,6,0,0,58,0,545,16:32,18,74,240,290,33.3
Colin Blackwell,29,CHI,C,27,0,3,3,-8,4,-0.4,0,0,0,0,2,0,1,30,4.3,326,12:05,11,30,13,12,38.1
Sammy Blais,26,NYR,LW,30,0,5,5,4,6,0.1,0,0,0,0,5,0,0,26,14.3,297,9:54,9,100,1,3,49.1
Nick Blankenburg,24,CBJ,D,7,2,1,3,-5,4,0.3,2,0,0,1,1,0,0,13,10,126,18:02,13,12,0,0,53.7
Anton Blidh,27,COL,LW,9,0,0,0,-2,4,-0.2,0,0,0,0,0,0,0,8,0,64,7:10,2,16,0,2,25
Teddy Blueger,28,PIT,C,19,1,5,6,-3,10,0.2,1,0,0,0,4,0,1,23,12.2,237,12:30,12,25,80,84,44
Matej Blumel,22,DAL,RW,6,1,0,1,-2,0,0,1,0,0,0,0,0,0,7,9.3,58,9:42,2,7,0,0,60
Brock Boeser,25,VAN,RW,26,6,14,20,-12,10,1.2,3,3,0,1,11,3,0,60,0,423,16:16,12,15,4,13,53.6
Zach Bogosian,32,TBL,D,10,0,0,0,-4,4,-0.2,0,0,0,0,0,0,0,7,11.5,138,13:51,6,38,0,0,49.9
Matt Boldy,21,MIN,LW,34,12,15,27,3,12,2.9,7,5,0,3,6,9,0,98,7.1,607,17:52,11,29,36,24,38.9
Nick Bonino,34,SJS,C,33,4,5,9,-9,12,0.1,4,0,0,0,4,1,0,43,0,530,16:04,50,9,156,160,47.3
Adam Boqvist,22,CBJ,D,5,0,0,0,-2,0,-0.1,0,0,0,0,0,0,0,5,0,84,16:47,5,4,0,0,52.9
Jesper Boqvist,24,NJD,C,28,3,1,4,-3,0,0.1,3,0,0,2,1,0,0,26,3.9,288,10:18,7,14,36,60,47.9
William Borgen,26,SEA,D,32,2,8,10,5,19,1.6,2,0,0,1,8,0,0,28,0,498,15:34,40,84,0,0,46.6
Mark Borowiecki,33,NSH,D,4,0,0,0,0,12,0.1,0,0,0,0,0,0,0,1,7.5,40,9:56,1,5,0,0,55.3
Robert Bortuzzo,33,STL,D,25,0,0,0,1,25,0.3,0,0,0,0,0,0,0,16,0,304,12:10,22,36,0,0,48.9
Evan Bouchard,23,EDM,D,36,3,11,14,-12,12,1.1,3,0,0,0,7,3,1,77,9.8,664,18:26,36,53,0,0,0
Shane Bowers,23,COL,C,1,0,0,0,0,0,0,0,0,0,0,0,0,0,1,13.5,2,1:46,0,0,0,2,52.4
Travis Boyd,29,ARI,C,33,3,10,13,-11,12,0.1,2,1,0,1,6,4,0,40,0,581,17:36,22,13,233,260,40.9
Erik Brannstrom,23,OTT,D,32,0,3,3,-1,18,1,0,0,0,0,3,0,0,33,0,506,15:49,56,22,0,0,21.1
Derick Brassard,35,OTT,C,25,4,4,8,1,14,0.7,4,0,0,1,1,3,0,41,0,347,13:53,5,42,117,108,37.6
Jesper Bratt,24,NJD,W,34,12,21,33,13,4,3.9,7,5,0,2,13,8,0,89,3.7,596,17:32,11,12,0,0,28.6
Justin Braun,35,PHI,D,32,0,0,0,0,17,0.6,0,0,0,0,0,0,0,27,0,520,16:16,35,32,0,0,55.3
Guillaume Brisebois,25,VAN,D,3,0,1,1,1,0,0.2,0,0,0,0,1,0,0,3,5.6,51,16:52,4,1,0,0,52.2
Philip Broberg,21,EDM,D,11,0,1,1,-3,2,0,0,0,0,0,1,0,0,4,0,137,12:25,13,6,0,0,30.8
T.J. Brodie,32,TOR,D,23,1,4,5,4,4,1.3,1,0,0,0,3,0,1,27,11.1,493,21:25,34,21,0,0,80
Jonas Brodin,29,MIN,D,28,0,4,4,4,14,1.4,0,0,0,0,3,0,1,38,0,617,22:02,54,22,0,0,75
Jonny Brodzinski,29,NYR,C,10,1,1,2,4,4,0.3,1,0,0,0,1,0,0,18,5.9,96,9:37,2,8,37,34,28.6
Connor Brown,29,WSH,RW,4,0,0,0,-3,0,-0.2,0,0,0,0,0,0,0,2,7.1,67,16:46,1,6,2,3,50
Josh Brown,29,ARI,D,29,3,2,5,-6,23,0.8,3,0,0,0,2,0,0,27,21.4,503,17:20,58,67,0,0,25
Logan Brown,24,STL,C,8,0,2,2,-1,0,0,0,0,0,0,2,0,0,5,12.9,70,8:45,3,6,6,19,46.7
Patrick Brown,30,PHI,C,16,1,1,2,-2,2,-0.1,1,0,0,0,1,0,0,17,12.7,182,11:22,16,38,46,41,51.1
Jacob Bryson,25,BUF,D,25,1,7,8,-15,4,-0.1,1,0,0,0,6,0,1,14,0,417,16:42,38,14,0,0,56.1
Pavel Buchnevich,27,STL,LW,26,12,15,27,0,14,3,7,5,0,2,8,7,0,56,3.6,494,19:00,5,27,4,22,50
Michael Bunting,27,TOR,LW,35,9,15,24,20,42,2.9,9,0,0,1,13,2,0,70,13.3,555,15:51,11,37,1,1,49.5
Andre Burakovsky,27,SEA,LW,32,10,18,28,-9,12,2.2,6,4,0,2,12,6,0,79,0,553,17:17,8,11,0,4,52.7
Callahan Burke,25,COL,C,2,0,0,0,-1,0,-0.1,0,0,0,0,0,0,0,2,18.2,18,8:49,2,1,2,4,53.1
Brent Burns,37,CAR,D,35,4,20,24,7,26,4.2,2,2,0,1,11,9,0,111,0,832,23:45,39,21,0,0,46.2
Kyle Burroughs,27,VAN,D,17,2,0,2,-10,30,-0.2,2,0,0,0,0,0,0,15,25,298,17:32,36,56,0,0,56
Quinton Byfield,20,LAK,C,9,0,3,3,-1,4,0.1,0,0,0,0,3,0,0,5,33.3,103,11:27,4,5,32,36,41.5
Bowen Byram,21,COL,D,10,2,3,5,3,4,1.2,1,0,1,0,2,1,0,11,2.4,208,20:47,11,15,0,0,49.1
Drake Caggiula,28,PIT,LW,3,0,0,0,-1,0,-0.1,0,0,0,0,0,0,0,2,7.9,22,7:28,1,5,0,1,53.9
Kyle Capobianco,25,WPG,D,7,1,0,1,1,4,0.4,1,0,0,1,0,0,0,4,0,93,13:21,3,9,0,0,0
Michael Carcone,26,ARI,F,1,1,0,1,2,0,0.2,1,0,0,0,0,0,0,3,5.9,15,15:01,0,2,0,0,37.5
Brandon Carlo,26,BOS,D,30,1,5,6,16,16,2.2,1,0,0,0,4,0,1,42,5.3,559,18:37,48,62,0,0,53
John Carlson,33,WSH,D,30,8,13,21,-1,6,3.5,5,2,1,0,8,5,0,101,5.9,702,23:24,70,34,0,0,50
Lucas Carlsson,25,FLA,D,2,0,0,0,-1,2,-0.1,0,0,0,0,0,0,0,2,12.8,20,10:06,1,3,0,0,42.6
Ryan Carpenter,32,NYR,C,21,1,2,3,-5,10,-0.1,1,0,0,0,2,0,0,17,7.4,202,9:36,11,35,67,57,52.7
Sam Carrick,30,ANA,C,20,1,2,3,-6,21,-0.2,1,0,0,0,2,0,0,19,0,206,10:19,11,38,76,88,51.3
Alexandre Carrier,26,NSH,D,27,2,2,4,-2,12,1,2,0,0,1,2,0,0,34,7.5,496,18:22,33,35,0,0,48.3
William Carrier,28,VEG,LW,36,10,3,13,2,12,1.6,10,0,0,4,3,0,0,78,16.7,450,12:29,14,90,1,5,48.5
Jeff Carter,38,PIT,C,31,4,10,14,-3,14,0.9,3,1,0,1,5,4,1,54,2.8,454,14:39,31,35,228,170,42.9
Jackson Cates,25,PHI,C,5,0,0,0,0,0,-0.1,0,0,0,0,0,0,0,4,3.8,45,8:59,1,3,9,10,51.7
Noah Cates,23,PHI,LW,35,3,9,12,0,2,0.5,3,0,0,1,5,3,1,40,9.6,629,17:59,31,56,147,243,25
Cole Caufield,22,MTL,RW,34,19,9,28,-6,0,3.4,15,4,0,1,7,2,0,114,0,608,17:53,6,12,0,0,54.4
Cody Ceci,29,EDM,D,36,1,6,7,6,12,1.6,1,0,0,0,6,0,0,36,2.8,757,21:02,53,55,0,0,40.9
Erik Cernak,25,TBL,D,28,1,6,7,7,20,1.6,1,0,0,0,6,0,0,26,4.2,559,19:59,55,93,0,0,33.3
Thomas Chabot,26,OTT,D,29,7,12,19,-7,22,3.1,2,5,0,0,6,6,0,73,9.1,758,26:09:00,44,32,0,0,57.1
Rourke Chartier,26,OTT,C,6,0,0,0,0,0,-0.1,0,0,0,0,0,0,0,8,0,62,10:20,3,10,19,14,0
Jalen Chatfield,26,CAR,D,35,1,1,2,2,19,1,1,0,0,0,1,0,0,36,5.1,456,13:02,34,42,0,0,58.3
Ben Chiarot,31,DET,D,32,2,6,8,-13,29,0.6,2,0,0,0,6,0,0,48,14.8,667,20:51,67,68,0,0,5.3
Yegor Chinakhov,21,CBJ,RW,30,4,9,13,-6,10,0.8,3,1,0,0,8,1,0,44,0,398,13:15,17,27,1,2,50
Jake Christiansen,23,CBJ,D,17,0,2,2,-3,4,0.2,0,0,0,0,2,0,0,19,4.2,236,13:52,17,17,0,0,50
Jakob Chychrun,24,ARI,D,17,3,13,16,10,12,2.9,2,1,0,0,11,2,0,59,5.1,385,22:38,25,24,0,0,40
Filip Chytil,23,NYR,C,28,8,9,17,8,22,2,7,1,0,2,9,0,0,54,0,398,14:12,19,24,90,146,62.1
Nick Cicek,22,SJS,D,10,0,4,4,-3,11,0.3,0,0,0,0,4,0,0,1,0,150,14:59,11,14,0,0,0
Anthony Cirelli,25,TBL,C,9,1,6,7,3,0,0.6,0,1,0,0,6,0,0,24,0,138,15:21,5,4,52,54,0
Casey Cizikas,31,NYI,C,35,2,5,7,0,40,0.1,2,0,0,0,5,0,0,39,5.6,461,13:11,27,76,227,196,37.5
Kale Clague,24,BUF,D,12,0,2,2,2,6,0.4,0,0,0,0,2,0,0,9,14.3,198,16:28,12,13,0,0,43
Brandt Clarke,19,LAK,D,9,0,2,2,-1,6,0.2,0,0,0,0,1,1,0,11,0,123,13:39,14,3,0,0,25
Kyle Clifford,32,TOR,LW,2,0,1,1,1,2,0.1,0,0,0,0,1,0,0,2,9.1,16,7:55,0,6,0,0,30
Connor Clifton,27,BOS,D,34,3,9,12,12,30,2.8,3,0,0,0,9,0,0,54,6.7,645,18:58,42,93,0,0,66.7
Cal Clutterbuck,35,NYI,RW,26,3,2,5,4,14,0.4,3,0,0,0,2,0,0,21,7.2,318,12:15,21,98,1,3,36.4
Dylan Coghlan,24,CAR,D,7,0,2,2,0,2,0.3,0,0,0,0,2,0,0,13,15.7,99,14:06,3,7,0,0,39.3
Andrew Cogliano,35,COL,LW,31,4,3,7,4,6,0.6,4,0,0,0,2,0,1,44,8.5,432,13:55,21,19,11,14,50
Ian Cole,33,TBL,D,29,3,9,12,14,24,2.8,3,0,0,0,9,0,0,45,14.7,546,18:50,52,48,0,0,48.7
Blake Coleman,31,CGY,C,36,5,8,13,-1,26,0.8,5,0,0,0,8,0,0,69,12.2,529,14:41,23,55,6,4,58.9
Ross Colton,26,TBL,C,31,8,7,15,-4,18,1.4,6,2,0,1,4,3,0,51,7,366,11:49,11,69,59,51,42.9
J.T. Compher,27,COL,LW,33,5,14,19,-2,8,1.3,3,2,0,2,10,4,0,59,13.8,657,19:55,31,15,342,343,36.4
Max Comtois,24,ANA,LW,24,5,0,5,-8,53,0.2,5,0,0,0,0,0,0,34,6.1,317,13:13,10,41,7,11,46.6
Kyle Connor,26,WPG,LW,35,15,24,39,4,2,4,12,3,0,5,13,11,0,123,17.1,715,20:25,15,22,0,0,46.8
Andrew Copp,28,DET,C,32,3,15,18,-5,8,0.9,2,1,0,1,14,1,0,43,14.8,557,17:24,13,14,216,241,60.9
Paul Cotter,23,VEG,C,22,4,2,6,0,8,0.6,4,0,0,1,2,0,0,29,13.3,256,11:37,9,66,9,8,48.9
Nick Cousins,29,FLA,C,32,3,8,11,-1,13,0.6,3,0,0,2,8,0,0,49,100,356,11:07,14,25,23,25,60.4
Logan Couture,33,SJS,C,36,14,15,29,-12,11,2.6,10,3,1,0,7,8,0,82,19.2,676,18:47,32,59,299,343,46.4
Charlie Coyle,30,BOS,C,34,9,9,18,15,16,2.1,8,0,1,0,8,0,1,61,22.2,569,16:45,21,29,214,173,48.3
Dylan Cozens,21,BUF,C,32,11,20,31,1,18,3,8,2,1,0,11,8,1,83,15.4,548,17:07,13,24,235,246,42.6
Joseph Cramarossa,30,MIN,C,4,1,0,1,0,4,0.1,1,0,0,0,0,0,0,1,9.1,31,7:48,1,8,0,1,51.6
Sidney Crosby,35,PIT,C,34,19,24,43,3,18,4.9,16,3,0,6,17,7,0,99,6.1,675,19:52,17,36,386,351,50
Lawson Crouse,25,ARI,LW,32,14,6,20,1,20,2.3,11,3,0,1,6,0,0,63,10.3,568,17:45,24,72,9,13,20
Austin Czarnik,30,DET,C,12,2,1,3,1,2,0.3,2,0,0,0,1,0,0,13,15.4,137,11:27,6,12,4,15,40
Kirby Dach,22,MTL,C,34,5,17,22,-2,24,1.6,4,1,0,2,10,7,0,55,13.3,600,17:39,14,24,32,53,33.3
Evgenii Dadonov,33,MTL,RW,28,2,5,7,-8,10,0,2,0,0,0,5,0,0,33,20,393,14:02,20,12,2,5,44.4
Rasmus Dahlin,22,BUF,D,31,10,27,37,16,40,5.9,6,4,0,2,11,16,0,97,0,812,26:11:00,56,46,0,0,44.2
Zac Dalpe,33,FLA,RW,10,2,2,4,-3,2,0.3,2,0,0,0,2,0,0,13,0,98,9:48,6,10,21,17,29.8
Phillip Danault,29,LAK,C,38,10,17,27,-2,22,2.2,8,2,0,1,9,7,1,75,4,687,18:05,40,37,325,298,33.3
Justin Danforth,29,CBJ,RW,6,2,1,3,-3,4,0.2,2,0,0,0,1,0,0,10,8.1,80,13:23,1,7,4,9,63.2
Laurent Dauphin,27,ARI,C,1,0,0,0,0,0,0,0,0,0,0,0,0,0,1,8.9,8,8:28,0,0,4,1,22.2
Jeremy Davies,26,BUF,D,1,0,0,0,0,2,0,0,0,0,0,0,0,0,1,14,9,8:33,1,0,0,0,43.5
Calvin de Haan,31,CAR,D,28,1,5,6,0,14,1.1,1,0,0,0,5,0,0,25,11.9,359,12:49,29,46,0,0,37.5
Anthony DeAngelo,27,PHI,D,30,6,12,18,-14,34,2.2,3,3,0,0,6,6,0,74,2.6,730,24:21:00,40,20,0,0,57.5
Alex DeBrincat,25,OTT,RW,34,11,22,33,-10,10,3,6,5,0,1,8,14,0,123,0,665,19:34,16,46,3,1,47.1
Jake DeBrusk,26,BOS,LW,33,14,13,27,13,8,3.4,9,5,0,3,7,5,1,100,0,565,17:07,13,47,2,5,49.7
Ty Dellandrea,22,DAL,C,36,5,9,14,3,23,1.1,5,0,0,2,8,0,1,42,4.5,511,14:12,23,58,41,41,50
Dylan DeMelo,29,WPG,D,31,1,8,9,8,18,2.2,1,0,0,0,6,0,2,39,13.2,591,19:04,33,60,0,0,52.9
Grigori Denisenko,22,FLA,LW,6,0,1,1,-2,0,-0.1,0,0,0,0,1,0,0,4,9.8,62,10:23,0,9,0,0,100
Semyon Der-Arguchintsev,22,TOR,C,1,0,0,0,1,0,0,0,0,0,0,0,0,0,0,0,7,7:16,0,0,0,0,52
Nick DeSimone,28,CGY,D,4,0,0,0,-4,2,-0.2,0,0,0,0,0,0,0,4,9.6,45,11:15,4,2,0,0,0
Nicolas Deslauriers,31,PHI,LW,35,1,4,5,-5,64,-0.2,1,0,0,0,4,0,0,22,15.3,360,10:18,11,145,1,3,51.1
Connor Dewar,23,MIN,C,33,5,6,11,1,29,1,2,0,3,0,5,0,1,38,14.6,374,11:21,20,53,84,96,54.3
Jason Dickinson,27,CHI,C,29,4,6,10,-10,12,0.4,3,1,0,1,4,0,2,41,0,445,15:20,28,42,142,136,76.9
Brenden Dillon,32,WPG,D,35,0,9,9,1,44,1.8,0,0,0,0,8,0,1,45,2.8,703,20:04,49,93,0,0,50
Noah Dobson,23,NYI,D,36,10,14,24,3,8,4.1,7,3,0,2,8,6,0,104,23.5,748,20:47,51,31,0,0,38.8
Max Domi,27,CHI,LW,33,11,12,23,-12,37,2.1,5,6,0,2,7,5,0,72,17.8,612,18:33,9,10,239,187,41.2
Ryan Donato,26,SEA,C,28,7,3,10,8,16,1.3,7,0,0,0,2,1,0,48,9.4,311,11:07,4,27,21,21,0
Pavel Dorofeyev,22,VEG,LW,2,0,0,0,0,0,0,0,0,0,0,0,0,0,1,0,23,11:28,1,0,0,0,16.7
Drew Doughty,33,LAK,D,37,2,18,20,5,22,3.1,0,2,0,0,10,8,0,71,0,979,26:27:00,57,54,0,0,57.2
Nic Dowd,32,WSH,C,36,8,6,14,7,18,1.7,8,0,0,2,5,0,1,34,0,472,13:06,31,76,239,244,52.1
Leon Draisaitl,27,EDM,C,36,21,36,57,4,16,6,8,13,0,8,21,14,1,118,13.1,800,22:14,25,20,353,317,33.3
Sheldon Dries,28,VAN,C,19,3,4,7,-7,8,0.3,2,1,0,0,3,1,0,32,18.2,210,11:04,9,19,93,82,60
Jonathan Drouin,27,MTL,LW,18,0,5,5,-8,2,-0.2,0,0,0,0,2,3,0,21,12.8,250,13:55,5,13,18,21,32.4
Jack Drury,22,CAR,C,21,0,2,2,4,10,0,0,0,0,0,2,0,0,32,14.3,206,9:50,9,6,47,37,33.3
Jamie Drysdale,20,ANA,D,8,0,0,0,-3,2,-0.1,0,0,0,0,0,0,0,8,6.5,141,17:37,6,7,0,0,33.3
Dillon Dube,24,CGY,C,36,8,12,20,3,14,1.9,6,0,2,0,11,1,0,61,0,554,15:23,8,55,22,31,66.7
Pierre-Luc Dubois,24,WPG,LW,35,16,22,38,1,30,4,10,6,0,1,14,8,0,88,7.8,640,18:17,26,36,223,231,75
Matt Duchene,32,NSH,C,32,10,16,26,-4,26,2.4,7,3,0,1,13,3,0,78,8.3,582,18:11,16,7,48,41,58.7
Brandon Duhaime,25,MIN,RW,14,3,1,4,4,20,0.6,2,0,1,1,1,0,0,21,13.2,133,9:29,5,40,0,1,50
Mathew Dumba,28,MIN,D,34,3,6,9,-2,38,1.9,3,0,0,2,6,0,0,46,11.1,715,21:02,48,49,0,0,45.3
Brian Dumoulin,31,PIT,D,34,0,8,8,-3,6,1.2,0,0,0,0,7,0,1,22,3,676,19:54,64,54,0,0,33.3
Vince Dunn,26,SEA,D,32,4,14,18,10,20,2.9,4,0,0,0,7,7,0,51,3.7,763,23:50,36,42,0,0,33.3
Joshua Dunne,24,CBJ,C,3,0,0,0,-1,0,-0.1,0,0,0,0,0,0,0,0,0,17,5:44,0,3,3,5,55.9
Sean Durzi,24,LAK,D,35,4,16,20,-8,16,2.2,3,1,0,1,7,9,0,48,13,706,20:10,65,41,0,0,61.1
Christian Dvorak,26,MTL,C,34,7,7,14,-2,0,1.1,7,0,0,1,6,1,0,53,5.6,573,16:51,34,4,247,219,44.4
Jordan Eberle,32,SEA,RW,32,8,17,25,7,12,2.3,7,1,0,2,12,5,0,72,3.4,520,16:15,7,19,9,9,19.1
Alexander Edler,36,LAK,D,32,1,5,6,0,20,1,1,0,0,1,5,0,0,33,1.7,486,15:11,62,62,0,0,55.1
Joel Edmundson,29,MTL,D,24,1,3,4,-7,21,0.4,1,0,0,0,3,0,0,27,13.2,482,20:05,74,41,0,0,53.3
Nikolaj Ehlers,26,WPG,LW,2,0,3,3,0,0,0.2,0,0,0,0,2,1,0,7,0,38,19:00,1,2,0,0,100
Jack Eichel,26,VEG,C,27,13,16,29,17,0,3.9,12,1,0,2,9,7,0,100,10.9,508,18:49,23,20,130,175,35.1
Aaron Ekblad,26,FLA,D,24,4,10,14,-14,32,1,3,1,0,0,3,7,0,72,8,577,24:03:00,33,24,0,0,45.5
Mattias Ekholm,32,NSH,D,33,2,9,11,3,10,2.3,2,0,0,0,7,2,0,59,11.4,715,21:41,41,47,0,0,25
Oliver Ekman-Larsson,31,VAN,D,34,1,14,15,-10,16,1.1,1,0,0,0,10,3,1,58,16.1,699,20:33,26,50,0,0,60
Lars Eller,33,WSH,C,36,7,7,14,3,24,1.3,7,0,0,0,7,0,0,53,3,555,15:26,19,46,246,221,61.1
Andreas Englund,27,COL,D,16,0,1,1,-2,7,0.2,0,0,0,0,1,0,0,6,4,193,12:05,9,60,0,0,34.7
Pierre Engvall,26,TOR,LW,33,6,6,12,7,21,1.2,5,1,0,2,6,0,0,55,2.1,416,12:37,4,31,20,19,32.2
Mackenzie Entwistle,23,CHI,RW,33,2,3,5,-7,6,-0.1,2,0,0,0,2,1,0,25,100,384,11:38,14,58,43,46,47.8
Joel Eriksson Ek,26,MIN,C,34,12,15,27,1,20,2.7,6,5,1,0,10,5,0,105,11.1,662,19:29,23,49,304,323,46
Adam Erne,27,DET,LW,32,5,8,13,-3,6,0.8,5,0,0,1,7,0,1,31,9.1,461,14:24,33,95,6,8,25
Jake Evans,26,MTL,C,34,1,6,7,-7,13,-0.2,0,1,0,0,6,0,0,33,22.2,483,14:13,25,10,210,196,52.7
Michael Eyssimont,26,WPG,C,18,1,4,5,5,7,0.4,1,0,0,0,4,0,0,25,15.6,188,10:26,6,35,1,3,27.3
Dante Fabbro,24,NSH,D,32,1,5,6,0,18,1.3,1,0,0,0,5,0,0,48,6.5,530,16:33,50,37,0,0,100
Samuel Fagemo,22,LAK,LW,3,1,1,2,0,0,0.2,1,0,0,0,1,0,0,1,5.6,26,8:39,3,3,0,0,33.3
Radek Faksa,29,DAL,C,36,3,3,6,5,21,0.2,2,0,1,1,3,0,0,27,3.6,473,13:08,31,32,124,104,0
Joel Farabee,22,PHI,LW,35,6,12,18,0,19,1.4,6,0,0,1,12,0,0,66,9.2,608,17:22,22,41,9,13,55.8
Hudson Fasching,27,NYI,RW,9,2,1,3,5,2,0.5,2,0,0,0,1,0,0,9,11.5,101,11:13,3,11,1,2,0
Jesper Fast,31,CAR,RW,33,5,9,14,9,6,1.4,5,0,0,1,8,0,1,32,0,496,15:02,17,43,4,3,0
Justin Faulk,30,STL,D,35,6,14,20,-5,10,2.8,4,2,0,2,10,4,0,92,0,817,23:20,55,69,0,0,58.2
Martin Fehervary,23,WSH,D,26,2,2,4,1,10,1.2,2,0,0,0,2,0,0,36,0,522,20:05,39,83,0,0,0
Mario Ferraro,24,SJS,D,26,1,4,5,-18,8,-0.1,1,0,0,0,3,1,0,28,0,590,22:42,52,32,0,1,40
Kevin Fiala,26,LAK,LW,38,10,25,35,2,28,3.1,7,3,0,1,18,7,0,109,10,672,17:40,14,26,7,5,28.1
Christian Fischer,25,ARI,RW,33,6,6,12,1,16,0.9,5,0,1,0,6,0,0,52,8.3,509,15:26,19,55,1,18,33.3
Casey Fitzgerald,25,BUF,D,23,0,3,3,-1,4,0.3,0,0,0,0,3,0,0,12,15,300,13:03,12,29,0,0,32.7
Trey Fix-Wolansky,23,CBJ,RW,4,0,0,0,0,0,-0.1,0,0,0,0,0,0,0,6,7.1,40,9:56,4,5,0,0,40.6
Cale Fleury,24,SEA,D,6,0,0,0,-1,0,-0.1,0,0,0,0,0,0,0,5,9.5,79,13:06,6,14,0,0,20
Haydn Fleury,26,TBL,D,16,0,1,1,-2,2,0.1,0,0,0,0,1,0,0,16,9.4,197,12:20,15,19,0,0,61.7
Warren Foegele,26,EDM,LW,25,4,3,7,0,10,0.5,3,0,1,2,3,0,0,40,4.9,309,12:23,8,46,4,4,20
Steven Fogarty,29,MIN,C,2,0,0,0,0,0,0,0,0,0,0,0,0,0,0,0,21,10:19,0,3,2,2,31.6
Marcus Foligno,31,MIN,LW,27,3,7,10,-3,46,0.5,3,0,0,0,5,2,0,36,0,407,15:04,13,90,4,6,48.1
Nick Foligno,35,BOS,LW,34,6,10,16,8,26,1.7,4,2,0,1,7,3,0,40,7,411,12:04,20,74,18,11,57.5
Callan Foote,24,TBL,D,17,1,2,3,0,20,0.5,1,0,0,0,2,0,0,14,10,251,14:47,13,28,0,0,75
Derek Forbort,30,BOS,D,23,2,5,7,5,6,1.5,1,0,1,1,5,0,0,21,15,420,18:14,30,53,0,0,52
Filip Forsberg,28,NSH,C,33,10,16,26,-7,14,2.3,8,2,0,1,8,8,0,106,13,593,17:58,14,56,0,0,0
Gustav Forsling,26,FLA,D,35,5,17,22,12,20,3.8,4,1,0,1,14,2,1,103,7.7,847,24:12:00,46,32,0,0,39.5
Gabriel Fortier,22,TBL,LW,1,0,0,0,0,0,0,0,0,0,0,0,0,0,0,10,8,8:25,0,1,0,0,48.6
Jean-Luc Foudy,20,COL,C,9,0,0,0,-3,6,-0.2,0,0,0,0,0,0,0,12,0,90,10:02,2,2,0,3,50.3
Liam Foudy,22,CBJ,C,17,0,3,3,-11,4,-0.4,0,0,0,0,3,0,0,8,5.9,180,10:35,5,20,0,5,59.1
Cam Fowler,31,ANA,D,35,4,13,17,-10,4,2.3,1,3,0,0,8,5,0,57,7.7,852,24:20:00,34,10,0,0,0
Adam Fox,24,NYR,D,36,7,28,35,11,12,5.6,6,1,0,3,15,12,1,70,7.7,899,24:58:00,48,15,0,0,0
Trent Frederic,24,BOS,C,31,6,7,13,17,22,1.8,6,0,0,3,7,0,0,40,13.4,343,11:04,12,45,3,5,41.7
Morgan Frost,23,PHI,C,34,7,7,14,0,16,1.2,7,0,0,1,6,1,0,54,10.8,518,15:14,22,37,151,200,50.3
Jonah Gadjovich,24,SJS,LW,19,1,1,2,-6,35,-0.2,1,0,0,0,1,0,0,13,0,165,8:40,2,47,1,3,50.6
Sam Gagner,33,WPG,C,32,6,5,11,0,8,0.9,5,1,0,1,3,2,0,60,23.8,417,13:02,11,10,12,28,35.1
Alex Galchenyuk,28,COL,C,4,0,0,0,-3,4,-0.2,0,0,0,0,0,0,0,2,5.3,39,9:50,2,4,2,1,48.1
Brendan Gallagher,30,MTL,RW,22,3,5,8,-3,10,0.5,3,0,0,1,3,2,0,51,0,316,14:21,7,10,4,7,37.5
Dylan Gambrell,26,OTT,C,16,1,0,1,-2,11,-0.1,1,0,0,0,0,0,0,13,16.7,173,10:47,10,16,33,51,75
Conor Garland,26,VAN,RW,33,5,11,16,-8,21,0.8,4,1,0,1,7,4,0,65,0,500,15:09,8,16,3,3,48.6
Frederick Gaudreau,29,MIN,C,34,9,7,16,5,2,1.7,7,1,1,1,6,0,1,67,2.3,544,16:01,20,22,206,217,52
Johnny Gaudreau,29,CBJ,LW,33,10,24,34,-16,10,2.7,10,0,0,2,15,9,0,93,4.2,657,19:55,6,3,0,0,45.2
Brendan Gaunce,28,CBJ,C,5,0,1,1,-1,2,0,0,0,0,0,1,0,0,9,9.7,52,10:28,2,4,33,23,43.5
Julien Gauthier,25,NYR,RW,25,5,3,8,2,4,0.9,5,0,0,0,3,0,0,21,17.1,221,8:51,5,50,3,4,51.5
Vladislav Gavrikov,27,CBJ,D,33,2,7,9,-3,18,1.6,2,0,0,2,6,0,1,38,6.7,744,22:33,65,34,0,0,50
Glenn Gawdin,25,ANA,C,3,0,0,0,-1,0,-0.1,0,0,0,0,0,0,0,3,6.5,29,9:36,3,4,8,14,41.4
Morgan Geekie,24,SEA,C,26,4,9,13,16,16,1.7,4,0,0,3,9,0,0,24,3.6,264,10:09,17,24,118,135,33.3
Dennis Gilbert,26,CGY,D,8,0,1,1,-1,20,0.1,0,0,0,0,1,0,0,5,17.8,82,10:16,6,18,0,0,50
Mark Giordano,39,TOR,D,35,1,10,11,13,31,2.7,0,0,1,1,10,0,0,44,12.5,692,19:47,69,30,0,0,7.7
Samuel Girard,24,COL,D,27,2,5,7,-10,10,0.9,2,0,0,1,3,2,0,48,7.4,551,20:25,27,25,0,0,0
Zemgus Girgensons,29,BUF,C,31,3,4,7,0,8,0.2,3,0,0,0,4,0,0,31,9.3,386,12:28,20,33,52,59,57.1
Claude Giroux,35,OTT,C,34,14,15,29,0,8,3.4,11,3,0,2,6,8,1,82,9.1,621,18:15,15,28,240,154,52
Cody Glass,23,NSH,C,23,2,6,8,1,4,0.6,2,0,0,0,5,1,0,30,0,282,12:16,5,19,92,96,39.8
Luke Glendening,33,DAL,C,36,2,2,4,-5,37,-0.4,1,0,1,0,2,0,0,31,6.1,440,12:13,31,48,183,120,46.2
Alex Goligoski,37,MIN,D,16,1,2,3,-1,0,0.6,1,0,0,1,2,0,0,28,3.8,277,17:17,23,14,0,0,55.7
Barclay Goodrow,29,NYR,RW,36,8,10,18,1,34,1.6,8,0,0,1,8,1,1,45,14.3,541,15:01,22,52,115,133,50.3
Shayne Gostisbehere,29,ARI,D,33,9,16,25,-4,10,3.6,5,3,1,1,10,6,0,72,5.6,729,22:06,41,19,0,0,55.6
Yanni Gourde,31,SEA,C,31,4,15,19,7,34,1.4,3,0,1,0,15,0,0,54,15,520,16:47,17,49,153,164,49.5
Mikael Granlund,30,NSH,C,33,4,16,20,-12,4,0.9,3,1,0,0,10,6,0,43,12.2,632,19:10,25,35,101,136,49.7
Derek Grant,32,ANA,C,15,2,1,3,-6,8,-0.1,2,0,0,0,1,0,0,22,2.2,207,13:48,10,17,81,76,0
Kevin Gravel,30,NSH,D,4,0,0,0,-3,0,-0.1,0,0,0,0,0,0,0,2,4.1,59,14:38,6,7,0,0,55.6
Ryan Graves,27,NJD,D,33,3,6,9,18,8,3,3,0,0,0,5,0,1,49,2.1,610,18:29,53,42,0,0,0
Jordan Greenway,25,MIN,LW,18,1,2,3,1,10,0,1,0,0,0,2,0,0,26,11.5,250,13:55,9,22,1,1,47.7
A.J. Greer,26,BOS,LW,23,3,4,7,2,35,0.6,3,0,0,0,4,0,0,21,16.7,214,9:18,10,52,0,0,47.3
Noah Gregor,24,SJS,C,19,2,0,2,-5,9,-0.1,2,0,0,0,0,0,0,36,3,227,11:58,11,22,1,4,40
Jordan Gross,27,NSH,D,10,3,0,3,-3,2,0.6,2,1,0,0,0,0,0,20,4.9,188,18:49,12,10,0,0,0
Carl Grundstrom,25,LAK,RW,33,6,4,10,-6,10,0.6,5,1,0,1,4,0,0,49,0,380,11:31,8,88,2,3,0
Matt Grzelcyk,29,BOS,D,30,1,8,9,15,18,2.4,1,0,0,1,8,0,0,45,8.3,526,17:31,40,19,0,0,50
Radko Gudas,32,FLA,D,25,2,4,6,2,39,1.1,2,0,0,0,4,0,0,49,20.3,470,18:49,41,95,0,0,46.8
Erik Gudbranson,31,CBJ,D,32,1,7,8,-15,28,0.5,1,0,0,1,7,0,0,47,0,652,20:23,65,61,0,0,100
Dylan Guenther,19,ARI,RW,21,3,8,11,-5,8,0.7,0,3,0,1,6,2,0,26,2.2,259,12:21,7,11,1,2,100
Jake Guentzel,28,PIT,C,30,15,18,33,2,20,3.7,10,5,0,3,15,3,0,90,7.7,590,19:39,8,35,4,5,50
Kaiden Guhle,21,MTL,D,34,1,12,13,-11,21,1.2,1,0,0,0,12,0,0,33,11.4,710,20:53,60,65,0,0,50
Denis Gurianov,25,DAL,RW,25,2,3,5,-4,4,0,2,0,0,0,3,0,0,41,13.8,323,12:55,12,9,0,0,53.4
David Gustafsson,22,WPG,C,34,0,4,4,1,4,-0.2,0,0,0,0,3,0,1,32,0,352,10:21,15,15,68,86,57.8
Erik Gustafsson,30,WSH,D,36,5,14,19,3,17,3.3,5,0,0,1,9,5,0,60,5.9,697,19:22,37,27,0,0,51.9
Brandon Hagel,24,TBL,LW,32,12,14,26,9,20,2.9,8,3,1,1,11,3,0,59,5.6,600,18:45,22,25,14,33,40
Robert Hagg,27,DET,D,13,0,2,2,-8,10,-0.2,0,0,0,0,2,0,0,19,3.4,204,15:43,17,36,0,0,42.9
Nicolas Hague,24,VEG,D,36,1,6,7,-5,8,1.1,1,0,0,0,6,0,0,45,0,622,17:17,62,44,0,0,47.6
Libor Hajek,24,NYR,D,16,1,0,1,2,4,0.5,1,0,0,0,0,0,0,13,16.7,212,13:16,20,17,0,0,37.5
Jani Hakanpaa,30,DAL,D,36,4,4,8,11,38,2.5,4,0,0,1,4,0,0,35,0,680,18:53,55,95,0,0,46.7
Taylor Hall,31,BOS,LW,34,13,14,27,12,16,3.3,10,3,0,5,12,2,0,94,10,548,16:07,16,16,2,4,0
Filip Hallander,22,PIT,C,2,0,0,0,0,0,0,0,0,0,0,0,0,0,0,2.9,20,9:58,3,1,0,0,33.3
James Hamblin,23,EDM,F,9,0,0,0,-2,2,-0.2,0,0,0,0,0,0,0,11,6.7,78,8:40,1,2,24,14,28.6
Dougie Hamilton,29,NJD,D,34,7,21,28,10,22,4.8,5,2,0,3,10,11,0,118,7.7,754,22:11,33,27,0,0,44.1
Travis Hamonic,32,OTT,D,34,3,3,6,-7,30,1.3,3,0,0,0,3,0,0,54,3,637,18:45,55,49,0,0,52
Noah Hanifin,26,CGY,D,35,3,12,15,8,29,3,2,1,0,0,9,2,1,87,9.6,789,22:33,63,44,0,0,45.3
Joel Hanley,31,DAL,D,8,0,0,0,4,13,0.4,0,0,0,0,0,0,0,6,1.9,88,11:01,9,8,0,0,37.5
Jansen Harkins,25,WPG,C,20,3,2,5,5,12,0.6,3,0,0,0,2,0,0,18,0,226,11:18,10,12,2,7,50
Ben Harpur,28,NYR,D,6,0,1,1,0,2,0.2,0,0,0,0,1,0,0,5,1.6,81,13:28,6,8,0,0,49.4
Scott Harrington,29,SJS,D,10,1,4,5,2,4,0.9,1,0,0,1,4,0,0,10,7.3,151,15:06,14,8,0,0,30
Jordan Harris,22,MTL,D,30,1,10,11,-1,12,1.6,1,0,0,0,9,1,0,35,0,553,18:26,47,28,0,0,57.7
Ryan Hartman,28,MIN,RW,13,2,5,7,2,20,0.6,2,0,0,1,3,1,1,30,5.9,198,15:12,7,17,40,52,46.3
Garnet Hathaway,31,WSH,RW,37,3,5,8,5,37,0.6,3,0,0,0,5,0,0,39,13.8,455,12:17,41,127,3,5,66.7
Erik Haula,31,NJD,LW,34,2,12,14,8,29,0.9,1,1,0,0,10,2,0,67,16.7,568,16:43,26,40,250,185,43.6
Kevin Hayes,30,PHI,RW,34,9,21,30,-14,15,2.3,7,2,0,1,12,9,0,94,12.8,635,18:41,14,24,189,212,50
Barrett Hayton,22,ARI,C,33,1,4,5,-12,10,-0.7,1,0,0,0,3,1,0,54,0,496,15:01,10,41,191,193,50.7
Dillon Heatherington,27,OTT,D,2,0,0,0,-1,0,0,0,0,0,0,0,0,0,1,20.2,20,9:58,2,2,0,0,40
Victor Hedman,32,TBL,D,30,1,17,18,2,12,2.4,1,0,0,0,11,6,0,61,12.3,718,23:55,55,45,0,0,41
Danton Heinen,27,PIT,C,29,3,7,10,-3,8,0.5,2,1,0,0,6,1,0,41,13.2,355,12:14,10,37,2,2,42.2
Ville Heinola,21,WPG,D,5,0,0,0,-2,0,-0.1,0,0,0,0,0,0,0,2,10.3,67,13:19,3,1,0,0,57.6
Miro Heiskanen,23,DAL,D,33,5,21,26,5,16,4.1,4,1,0,0,7,13,1,85,3.6,835,25:19:00,41,23,0,0,12.5
Adam Henrique,32,ANA,C,34,9,8,17,0,18,1.5,7,2,0,0,4,4,0,65,6.5,621,18:16,29,22,222,198,48.1
Aleksi Heponiemi,24,FLA,C,10,1,2,3,-1,2,0.2,1,0,0,0,2,0,0,6,4.5,86,8:35,1,2,2,0,48.6
Tomas Hertl,29,SJS,C,34,11,21,32,-3,12,3,8,3,0,1,15,6,0,86,0,665,19:33,24,41,327,302,55.1
Vinnie Hinostroza,28,BUF,C,16,0,8,8,-1,6,0.3,0,0,0,0,7,0,1,17,16.7,199,12:25,3,1,0,3,26.1
Roope Hintz,26,DAL,LW,35,18,22,40,19,12,5.4,13,4,1,4,13,9,0,89,12.5,609,17:24,28,24,117,112,39.6
Nico Hischier,24,NJD,C,33,13,18,31,11,2,3.6,9,4,0,3,13,4,1,106,12.5,656,19:52,21,9,383,322,36.9
Hayden Hodgson,26,PHI,RW,1,0,0,0,0,0,0,0,0,0,0,0,0,0,0,2.5,5,4:46,0,0,0,0,41.4
Mike Hoffman,33,MTL,C,24,7,3,10,3,14,1.2,7,0,0,2,2,1,0,53,24.5,345,14:23,10,11,10,3,28.6
Nils Hoglander,22,VAN,LW,25,3,6,9,-4,6,0.4,3,0,0,0,6,0,0,29,4.8,301,12:03,8,21,1,1,47.9
Nick Holden,35,OTT,D,29,1,5,6,-7,4,0.9,1,0,0,0,5,0,0,28,10.1,483,16:39,35,44,0,0,34
Justin Holl,31,TOR,D,35,2,3,5,7,20,1.9,2,0,0,1,3,0,0,31,11.1,750,21:25,62,71,0,0,0
Dylan Holloway,21,EDM,C,32,1,3,4,-4,10,-0.2,1,0,0,0,3,0,0,22,0,280,8:44,7,49,19,30,50
Mac Hollowell,24,TOR,D,6,0,2,2,3,2,0.5,0,0,0,0,2,0,0,4,12.8,78,12:56,6,3,0,0,37.5
Pontus Holmberg,23,TOR,RW,20,2,6,8,1,4,0.6,2,0,0,2,6,0,0,12,1.8,201,10:02,10,12,47,67,57.9
Simon Holmstrm,21,NYI,RW,14,1,1,2,0,0,0,1,0,0,1,1,0,0,8,0,161,11:29,6,0,0,3,57.9
Alexander Holtz,21,NJD,RW,14,2,0,2,-4,8,0,0,2,0,0,0,0,0,16,11.8,144,10:16,4,5,0,0,58.3
Patric Hornqvist,36,FLA,RW,22,1,2,3,-4,13,-0.1,1,0,0,1,1,1,0,40,6.7,204,9:16,8,18,1,5,22.2
Bo Horvat,27,VAN,C,34,26,13,39,3,8,4.9,15,9,2,4,8,5,0,106,50,709,20:52,22,24,456,341,45.6
Brett Howden,24,VEG,C,21,1,2,3,2,10,0,1,0,0,0,2,0,0,21,0,275,13:06,16,33,62,57,43.8
Filip Hronek,25,DET,D,32,7,18,25,15,24,4.8,4,3,0,1,10,8,0,69,11,703,21:58,25,52,0,0,40
Jonathan Huberdeau,29,CGY,LW,33,6,18,24,3,20,2,3,3,0,0,11,7,0,54,17.9,567,17:10,15,33,2,4,42.9
Charles Hudon,28,COL,LW,8,0,0,0,-2,2,-0.2,0,0,0,0,0,0,0,17,0,92,11:27,2,13,3,2,40.9
Jack Hughes,21,NJD,C,34,18,21,39,11,2,4.9,14,4,0,3,13,8,0,141,14.3,672,19:46,8,4,47,98,0
Quinn Hughes,23,VAN,D,30,1,28,29,0,8,3.2,1,0,0,0,13,15,0,56,13.6,751,25:01:00,31,3,0,0,53
Brad Hunt,34,COL,D,9,0,1,1,1,2,0.3,0,0,0,0,1,0,0,13,17.5,99,11:03,2,5,0,0,41.1
Dryden Hunt,27,TOT,LW,28,2,0,2,-8,15,-0.2,2,0,0,0,0,0,0,17,8.7,223,7:57,3,69,1,2,0
Dryden Hunt,27,COL,LW,25,1,0,1,-7,13,-0.3,1,0,0,0,0,0,0,15,6,196,7:51,1,58,1,2,25
Dryden Hunt,27,NYR,LW,3,1,0,1,-1,2,0.1,1,0,0,0,0,0,0,2,11.8,26,8:49,2,11,0,0,34
Ben Hutton,29,VEG,D,9,0,1,1,-5,4,-0.1,0,0,0,0,0,1,0,13,2.2,125,13:50,10,2,0,0,40
Zach Hyman,30,EDM,LF,35,15,22,37,3,12,3.7,8,7,0,1,17,5,0,136,0,726,20:44,9,40,4,2,56.4
Alex Iafallo,29,LAK,C,15,5,7,12,7,6,1.4,3,2,0,2,7,0,0,28,0,230,15:21,6,10,3,1,0
Matt Irwin,35,WSH,D,27,0,1,1,0,18,0.5,0,0,0,0,1,0,0,33,18.4,353,13:05,32,61,0,0,37.5
Mark Jankowski,28,NSH,C,18,3,3,6,3,4,0.6,2,0,1,1,3,0,0,21,14.8,226,12:34,16,19,91,64,0
Mattias Janmark,30,EDM,C,22,3,3,6,-2,14,0.2,3,0,0,0,3,0,0,22,0,338,15:21,8,7,9,9,47.4
Calle Jarnkrok,31,TOR,C,28,7,7,14,1,10,1.4,6,0,1,0,6,0,1,40,0,365,13:01,6,20,24,29,46.1
Seth Jarvis,20,CAR,C,35,6,11,17,3,4,1.5,6,0,0,0,9,2,0,69,20,548,15:40,18,37,5,10,45.5
Tanner Jeannot,25,NSH,F,33,3,3,6,0,41,0.1,3,0,0,0,3,0,0,50,11.1,514,15:35,29,128,4,8,51.9
Jan Jenik,22,ARI,RW,1,0,0,0,0,4,0,0,0,0,0,0,0,0,0,14.3,4,3:59,1,2,0,0,53.4
Boone Jenner,29,CBJ,C,30,11,11,22,-12,12,1.8,6,5,0,1,10,1,0,93,0,606,20:11,34,54,355,280,38.9
Nick Jensen,32,WSH,D,37,1,13,14,9,14,2.9,1,0,0,0,12,0,1,45,0,772,20:52,71,48,0,0,40
David Jiricek,19,CBJ,D,2,0,0,0,-4,2,-0.3,0,0,0,0,0,0,0,4,15.9,31,15:31,4,5,0,0,22.2
Lucas Johansen,25,WSH,D,2,0,0,0,0,0,0,0,0,0,0,0,0,0,3,5,25,12:40,3,0,0,0,0
Ryan Johansen,30,NSH,C,33,9,9,18,-6,30,1.6,6,3,0,1,5,4,0,49,3.1,520,15:45,17,32,306,195,0
Marcus Johansson,32,WSH,C,37,9,8,17,0,4,1.6,4,4,1,5,3,5,0,61,5.1,602,16:15,9,16,12,15,0
Erik Johnson,34,COL,D,33,0,7,7,8,6,2.1,0,0,0,0,6,0,1,49,1.6,580,17:35,63,58,0,0,43.5
Jack Johnson,36,CHI,D,33,0,4,4,-19,12,0.1,0,0,0,0,3,0,1,41,6.7,668,20:15,55,43,0,0,50
Kent Johnson,20,CBJ,C,30,8,8,16,-7,4,1.4,6,2,0,0,6,2,0,40,6.3,412,13:43,14,9,9,38,56.6
Reese Johnson,24,CHI,F,24,2,1,3,-7,25,-0.1,2,0,0,0,1,0,0,18,7.1,243,10:08,6,60,27,22,41.2
Tyler Johnson,32,CHI,C,11,3,5,8,-2,6,0.8,2,1,0,0,3,2,0,21,4.5,161,14:38,5,17,8,7,0
Andreas Johnsson,28,NJD,LW,2,0,0,0,0,0,0,0,0,0,0,0,0,0,1,21.4,9,4:44,0,0,0,0,33.3
Ross Johnston,28,NYI,LW,5,0,1,1,-1,14,0,0,0,0,0,1,0,0,2,4.9,44,8:44,2,11,1,0,44.2
Wyatt Johnston,19,DAL,C,36,10,5,15,-2,10,1.5,8,2,0,1,4,1,0,63,7.4,520,14:27,16,4,34,63,46.4
Henri Jokiharju,23,BUF,D,16,1,3,4,2,12,0.7,1,0,0,0,3,0,0,20,11.8,326,20:24,19,16,0,0,47.1
Caleb Jones,25,CHI,D,25,1,8,9,-13,18,0.8,1,0,0,0,5,3,0,32,0,458,18:20,35,36,0,0,15.8
Max Jones,24,ANA,LW,28,2,3,5,-11,31,-0.3,2,0,0,0,3,0,0,39,0,330,11:47,4,39,5,6,0
Seth Jones,28,CHI,D,23,1,8,9,-22,12,0.3,1,0,0,0,2,5,1,64,11.2,568,24:41:00,54,30,0,0,35.3
Zachary Jones,22,NYR,D,16,1,1,2,-2,4,0.4,1,0,0,1,1,0,0,15,14.5,250,15:37,16,5,0,0,55.6
Axel Jonsson Fjllby,24,WPG,LW,30,2,4,6,-1,4,0.2,2,0,0,1,4,0,0,32,11.4,321,10:43,10,26,1,3,60
Mathieu Joseph,25,OTT,RW,25,2,7,9,3,12,0.7,0,1,1,0,6,1,0,28,9.3,358,14:20,15,39,3,2,0
Pierre-Olivier Joseph,23,PIT,D,30,2,8,10,10,14,2.3,1,1,0,0,7,1,0,44,10,451,15:03,15,45,0,0,42.4
Dakota Joshua,26,VAN,C,31,6,2,8,-8,37,0.4,5,1,0,0,2,0,0,28,4.1,321,10:21,10,72,11,7,49.4
Roman Josi,32,NSH,D,33,7,19,26,-7,18,3.6,3,4,0,3,11,8,0,142,14.3,838,25:23:00,80,27,0,0,36.4
Tyson Jost,24,TOT,C,26,2,6,8,-4,22,0.2,2,0,0,0,6,0,0,27,14.1,344,13:13,11,19,50,94,37.5
Tyson Jost,24,BUF,C,14,2,3,5,0,11,0.3,2,0,0,0,3,0,0,17,12.7,191,13:38,3,8,39,82,30
Tyson Jost,24,MIN,C,12,0,3,3,-4,11,-0.1,0,0,0,0,3,0,0,10,10,153,12:45,8,11,11,12,25
Noah Juulsen,25,VAN,D,2,0,0,0,-1,0,-0.1,0,0,0,0,0,0,0,1,10,22,11:04,3,4,0,0,33.3
Nazem Kadri,32,CGY,C,36,13,13,26,-6,16,2.5,7,6,0,3,7,6,0,116,9.1,634,17:37,18,43,247,290,50
Kaapo Kakko,21,NYR,RW,36,9,6,15,-1,6,1.4,9,0,0,1,5,1,0,62,7.1,550,15:16,17,15,1,3,75
Arthur Kaliyev,21,LAK,RW,34,9,10,19,-2,6,1.8,2,7,0,0,8,2,0,79,5,419,12:19,8,28,0,0,42.3
David Kampf,28,TOR,C,35,4,9,13,7,4,1,4,0,0,1,7,0,2,43,17.8,528,15:05,14,27,258,232,100
Evander Kane,31,EDM,LW,14,5,8,13,4,16,1.3,5,0,0,0,6,2,0,50,4,273,19:30,8,51,3,8,22.2
Patrick Kane,34,CHI,RW,33,5,20,25,-21,8,1.3,4,1,0,0,7,13,0,121,12.7,666,20:10,7,6,1,0,0
Kasperi Kapanen,26,PIT,RW,25,5,8,13,-3,2,1.1,3,2,0,2,7,1,0,35,8.2,303,12:06,6,52,2,4,66.7
Kirill Kaprizov,25,MIN,LW,34,19,25,44,-2,27,4.9,10,9,0,3,16,9,0,135,9.1,707,20:48,14,26,0,3,12.5
Erik Karlsson,32,SJS,D,36,13,35,48,-7,10,6.3,11,2,0,3,23,12,0,102,10.3,906,25:11:00,36,16,0,0,50
William Karlsson,30,VEG,C,37,7,18,25,2,2,2.1,6,1,0,2,10,5,3,70,7.1,659,17:48,24,25,300,238,41.9
Ondrej Kase,27,CAR,RW,1,0,0,0,0,0,0,0,0,0,0,0,0,0,0,17.3,11,11:02,0,1,0,1,47.4
Zack Kassian,32,ARI,RW,17,1,0,1,-9,34,-0.4,1,0,0,0,0,0,0,10,0,170,10:00,4,23,0,3,45.5
Mark Kastelic,23,OTT,C,31,3,1,4,-6,30,0.1,3,0,0,1,1,0,0,33,10,288,9:17,21,70,156,112,50
Boris Katchouk,24,CHI,LW,18,1,2,3,-2,17,0.1,1,0,0,0,2,0,0,14,10.3,168,9:19,3,39,0,1,50
Martin Kaut,23,COL,RW,21,1,2,3,-2,2,0,1,0,0,1,2,0,0,20,8.3,203,9:39,4,8,2,3,45.3
Clayton Keller,24,ARI,C,33,13,20,33,-8,14,3,9,4,0,2,14,6,0,73,11.5,676,20:29,13,9,9,23,48.2
Parker Kelly,23,OTT,F,32,1,3,4,-5,22,-0.1,1,0,0,1,2,0,1,25,16.1,308,9:38,10,89,2,4,50
Adrian Kempe,26,LAK,LW,38,13,10,23,3,24,2.2,11,2,0,2,7,3,0,102,13.2,719,18:56,16,53,16,33,0
Alexander Kerfoot,28,TOR,C,35,5,11,16,8,16,1.4,3,1,1,1,9,1,1,61,9.1,530,15:09,22,13,28,41,100
Phil Kessel,35,VEG,RW,37,6,7,13,-11,12,0.7,6,0,0,0,2,5,0,66,9.8,457,12:21,9,4,1,4,46
Jujhar Khaira,28,CHI,LW,29,3,3,6,-5,18,0.2,1,1,1,0,2,1,0,29,2.8,385,13:17,18,51,37,23,42.9
Matt Kiersted,24,FLA,D,20,1,3,4,4,6,0.9,1,0,0,0,3,0,0,14,0,197,9:51,7,13,0,0,43.4
Alex Killorn,33,TBL,C,32,9,14,23,7,10,2.3,9,0,0,2,12,2,0,52,18.2,560,17:29,11,22,0,0,51.1
Justin Kirkland,26,ANA,LW,3,0,0,0,-2,0,-0.1,0,0,0,0,0,0,0,3,13,22,7:21,3,3,0,0,46.3
Joel Kiviranta,26,DAL,F,36,5,0,5,-6,20,0,4,0,1,0,0,0,0,50,14.3,445,12:22,11,58,1,4,47.7
John Klingberg,30,ANA,D,28,4,7,11,-21,18,0.6,4,0,0,2,4,3,0,39,20.8,610,21:48,32,27,0,0,28.6
Cole Koepke,24,TBL,LW,17,1,0,1,-5,2,-0.3,1,0,0,0,0,0,0,12,7.7,155,9:06,5,32,0,0,55.8
Keegan Kolesar,25,VEG,RW,35,3,1,4,0,31,0,3,0,0,0,1,0,0,26,11.5,406,11:37,20,109,6,13,39.3
Travis Konecny,25,PHI,C,29,15,17,32,-11,45,3.3,10,3,2,4,9,6,2,93,11.5,593,20:28,23,30,13,14,53.3
Anze Kopitar,35,LAK,C,38,10,19,29,4,4,2.4,9,1,0,1,13,6,0,76,5,776,20:25,47,37,427,315,70
Klim Kostin,23,EDM,C,20,2,4,6,1,15,0.4,2,0,0,0,4,0,0,22,7.7,194,9:43,8,60,3,1,48.1
Jesperi Kotkaniemi,22,CAR,C,35,5,5,10,-2,26,0.6,3,2,0,2,3,2,0,51,0,513,14:40,8,44,169,156,100
Johnathan Kovacevic,25,MTL,D,31,1,4,5,3,14,1.3,1,0,0,0,4,0,0,36,4.8,539,17:23,34,34,0,0,49.5
Filip Kral,23,TOR,D,2,0,0,0,0,2,0,0,0,0,0,0,0,0,1,4.3,20,9:58,1,2,0,0,46.2
Vitali Kravtsov,23,NYR,RW,16,2,1,3,4,6,0.3,2,0,0,0,1,0,0,11,8.6,171,10:43,3,10,0,2,45
Peyton Krebs,22,BUF,C,26,3,4,7,-1,16,0.3,3,0,0,0,4,0,0,23,11.8,310,11:56,7,26,45,69,53.9
Chris Kreider,31,NYR,LW,36,16,10,26,7,12,3.1,11,4,1,2,5,5,0,112,14,694,19:17,11,64,18,19,48.3
David Krejci,36,BOS,C,29,10,16,26,0,10,2.6,7,3,0,0,9,7,0,48,6.9,498,17:09,19,17,147,145,50
Torey Krug,31,STL,D,31,5,12,17,-20,13,1.1,1,4,0,1,8,4,0,65,23.3,608,19:37,43,27,0,0,0
Dominik Kubalk,27,DET,LW,32,10,16,26,-5,8,2.4,5,5,0,1,9,7,0,87,5.4,520,16:14,11,32,13,9,0
Nikita Kucherov,29,TBL,RW,32,13,36,49,0,22,4.7,8,5,0,3,21,15,0,113,15,673,21:03,13,29,0,0,66.7
Karson Kuhlman,27,TOT,C,20,1,4,5,1,2,0.2,1,0,0,1,4,0,0,20,12.7,225,11:16,9,19,0,1,100
Karson Kuhlman,27,SEA,C,14,1,2,3,3,0,0.2,1,0,0,1,2,0,0,13,14.3,136,9:42,6,8,0,0,50
Karson Kuhlman,27,WPG,C,6,0,2,2,-2,2,0,0,0,0,0,2,0,0,7,9.1,89,14:54,3,11,0,1,0
Brett Kulak,29,EDM,D,36,2,6,8,2,16,1.4,2,0,0,0,6,0,0,42,7.9,650,18:04,56,38,0,0,33.3
Dmitry Kulikov,32,ANA,D,35,2,7,9,-10,24,1.1,2,0,0,0,7,0,0,46,12.5,714,20:25,66,53,0,0,46.3
Luke Kunin,25,SJS,C,31,5,8,13,-9,32,0.7,3,2,0,0,6,2,0,58,0,478,15:26,27,63,5,7,52.7
Rasmus Kupari,22,LAK,C,22,2,3,5,1,8,0.3,2,0,0,0,3,0,0,17,11.7,225,10:13,13,27,79,78,52.3
Sean Kuraly,30,CBJ,C,31,7,3,10,-14,30,0.5,6,0,1,0,3,0,0,50,6,434,14:00,25,84,255,249,59
Philipp Kurashev,23,CHI,C,33,4,10,14,-21,8,0.3,4,0,0,1,6,4,0,58,0,567,17:11,13,21,13,24,49.2
Andrei Kuzmenko,26,VAN,F,33,14,16,30,9,0,3.5,7,7,0,2,14,2,0,60,10,519,15:44,11,7,0,0,56.3
Evgeny Kuznetsov,30,WSH,C,36,5,24,29,0,24,2.3,1,4,0,1,17,7,0,93,14.3,666,18:30,14,17,223,241,53.3
Jordan Kyrou,24,STL,C,32,17,16,33,-18,6,3.2,11,6,0,2,10,5,1,113,0,581,18:10,15,6,3,5,61.4
Kevin Labanc,27,SJS,RW,35,8,11,19,-4,20,1.6,6,2,0,0,10,1,0,63,3.2,547,15:37,15,25,3,1,0
Tanner Laczynski,25,PHI,C,19,2,2,4,1,2,0.3,2,0,0,0,2,0,0,14,13,194,10:13,5,12,18,19,48.7
Sam Lafferty,27,CHI,C,27,3,5,8,-7,13,0.3,1,0,2,1,4,0,1,33,0,387,14:20,8,42,106,98,43.8
Alexis Lafreniere,21,NYR,LW,36,5,12,17,3,10,1.3,5,0,0,1,11,1,0,63,12,541,15:01,11,70,14,17,44.4
Patrik Laine,24,CBJ,RW,20,9,7,16,-7,8,1.5,8,1,0,0,4,3,0,72,12.3,397,19:51,10,11,10,13,46.2
Maxime Lajoie,25,CAR,D,3,0,0,0,0,0,0,0,0,0,0,0,0,0,2,4.2,24,7:51,0,2,0,0,0
Dylan Larkin,26,DET,C,31,12,19,31,7,10,3.3,7,4,1,2,14,5,0,103,0,629,20:16,18,20,272,256,57.9
Adam Larsson,30,SEA,D,32,3,9,12,13,27,2.5,2,0,1,0,9,0,0,50,0,770,24:04:00,66,83,0,0,42.1
Jacob Larsson,25,OTT,D,3,0,0,0,-1,4,0,0,0,0,0,0,0,0,2,3.6,38,12:46,2,3,0,0,0
Scott Laughton,28,PHI,C,31,7,8,15,-14,12,0.7,2,2,3,0,4,2,2,70,9.6,580,18:43,21,77,224,224,43.8
Jakub Lauko,22,BOS,C,7,1,1,2,0,2,0.2,1,0,0,0,1,0,0,7,8.7,72,10:21,1,14,0,0,46.2
Jeremy Lauzon,25,NSH,D,26,0,2,2,-5,39,0.3,0,0,0,0,1,0,1,27,6.7,407,15:38,27,80,0,0,48.4
Curtis Lazar,27,VAN,C,24,1,1,2,-1,4,-0.3,1,0,0,0,1,0,0,31,6,304,12:40,27,70,29,41,100
Brett Leason,23,ANA,RW,29,3,1,4,-10,6,-0.2,3,0,0,0,1,0,0,23,0,324,11:10,11,23,1,2,62.5
Nick Leddy,31,STL,D,35,0,11,11,-6,12,1.2,0,0,0,0,11,0,0,37,13.3,743,21:13,38,28,0,0,16.7
Anders Lee,32,NYI,LW,36,13,15,28,6,36,3.3,10,3,0,1,10,5,0,108,5.5,618,17:09,27,57,15,15,0
Artturi Lehkonen,27,COL,LW,30,9,14,23,2,14,2.2,3,5,1,2,6,8,0,73,0,636,21:11,26,37,1,12,34.8
Josh Leivo,29,STL,LW,25,2,7,9,0,2,0.5,2,0,0,0,7,0,0,48,13.7,331,13:15,8,31,0,2,59.5
Brendan Lemieux,26,LAK,LW,17,0,3,3,-2,34,-0.1,0,0,0,0,3,0,0,15,0,156,9:11,7,45,4,3,61.1
Jake Leschyshyn,23,VEG,C,18,0,0,0,-4,6,-0.4,0,0,0,0,0,0,0,21,8.5,176,9:48,7,35,65,60,100
Kris Letang,35,PIT,D,28,2,14,16,-11,12,1.6,0,1,1,0,9,5,0,55,6.5,685,24:27:00,48,70,0,0,53.8
Trevor Lewis,36,CGY,C,36,7,5,12,1,6,1.1,6,0,1,1,5,0,0,73,12.1,463,12:52,13,76,41,62,41.8
Timothy Liljegren,23,TOR,D,24,2,4,6,18,12,2.5,2,0,0,0,3,0,1,23,0,449,18:41,34,42,0,0,66.7
Oskar Lindblom,26,SJS,LW,34,2,4,6,-11,6,-0.2,2,0,0,0,3,1,0,30,6.1,343,10:04,9,30,6,7,75
Esa Lindell,28,DAL,D,36,3,7,10,19,8,3.2,3,0,0,1,6,0,1,50,20,717,19:55,62,52,0,0,49.5
Ryan Lindgren,24,NYR,D,34,0,11,11,13,35,2.6,0,0,0,0,11,0,0,41,6.7,634,18:38,60,39,0,0,40
Elias Lindholm,28,CGY,C,35,11,21,32,2,8,3.1,6,5,0,1,16,4,1,83,3.6,669,19:07,17,39,394,313,65.6
Hampus Lindholm,29,BOS,D,34,4,21,25,27,24,5.3,4,0,0,1,12,9,0,73,5.5,812,23:54,44,37,0,0,50
Gustav Lindstrom,24,DET,D,17,0,1,1,-9,8,-0.3,0,0,0,0,1,0,0,9,13.6,239,14:03,12,25,0,0,33.3
Blake Lizotte,25,LAK,C,38,7,9,16,-1,29,1.3,7,0,0,1,9,0,0,51,0,450,11:50,20,47,183,181,37.5
William Lockwood,24,VAN,RW,1,0,1,1,1,0,0.1,0,0,0,0,1,0,0,1,0,10,10:18,2,2,0,0,50
Ryan Lomberg,28,FLA,LW,35,4,4,8,-8,42,0.2,4,0,0,1,4,0,0,47,14.3,369,10:33,8,59,5,4,56.1
Steven Lorentz,26,SJS,C,34,3,3,6,-9,6,-0.1,3,0,0,0,3,0,0,46,13,382,11:13,15,53,91,93,47.8
Adam Lowry,29,WPG,LW,35,7,13,20,6,13,1.9,5,0,2,0,12,1,0,58,0,534,15:15,18,75,270,273,0
Jake Lucchini,27,OTT,F,2,0,0,0,0,0,0,0,0,0,0,0,0,0,4,0,20,10:09,0,2,0,1,12.5
Milan Lucic,34,CGY,LW,33,2,7,9,-5,18,0.3,2,0,0,0,7,0,0,33,5.8,362,10:58,5,72,10,8,36.6
Matt Luff,25,DET,RW,7,1,0,1,-1,0,0.1,1,0,0,0,0,0,0,5,25,59,8:26,3,7,0,1,37.5
Anton Lundell,21,FLA,C,26,4,10,14,9,19,1.2,3,0,1,0,7,3,0,60,6.7,437,16:49,16,8,148,162,30
Isac Lundestrom,23,ANA,C,24,1,5,6,-6,2,-0.1,0,0,1,0,5,0,0,28,13.3,337,14:02,12,10,105,117,44.6
Nils Lundkvist,22,DAL,D,33,3,7,10,-4,22,1.5,3,0,0,1,5,2,0,55,8.3,575,17:26,37,33,0,0,33.3
Eetu Luostarinen,24,FLA,C,35,8,10,18,11,10,1.9,7,1,0,1,9,1,0,59,7.2,545,15:34,21,20,36,54,0
Olle Lycksell,23,PHI,RW,3,0,0,0,0,2,0,0,0,0,0,0,0,0,2,25,29,9:36,2,1,0,0,35
Ilya Lyubushkin,28,BUF,D,18,0,1,1,-1,22,0.1,0,0,0,0,1,0,0,8,3.7,277,15:25,28,40,0,0,50
Olli Maatta,28,DET,D,28,3,9,12,7,6,2.4,3,0,0,0,9,0,0,21,4.3,546,19:29,50,31,0,0,40
Matias Maccelli,22,ARI,LW,30,3,19,22,-2,14,1.5,2,1,0,1,12,7,0,23,0,453,15:05,7,10,0,1,44.9
Kurtis MacDermid,28,COL,D,12,0,1,1,-1,16,0.1,0,0,0,0,1,0,0,5,10.9,75,6:13,1,34,0,1,40.9
Jacob MacDonald,29,COL,D,24,0,1,1,-4,7,0.1,0,0,0,0,1,0,0,22,0,223,9:17,11,22,0,0,42.1
Zack MacEwen,26,PHI,C,31,3,5,8,-5,38,0.2,3,0,0,2,5,0,0,52,0,424,13:41,18,102,10,10,0
Connor Mackey,26,CGY,D,9,2,1,3,-5,9,0.2,2,0,0,0,1,0,0,8,9.9,90,9:58,5,10,0,0,20
Nathan MacKinnon,27,COL,C,23,8,26,34,7,20,3.5,4,4,0,0,16,10,0,120,6.7,504,21:53,14,20,196,223,32.3
Saku Maenalanen,28,WPG,RW,25,4,2,6,4,6,0.6,4,0,0,0,2,0,0,30,11.1,288,11:30,11,57,2,0,75
Josh Mahura,24,FLA,D,35,3,4,7,15,16,2.3,3,0,0,1,4,0,0,36,13.4,500,14:17,26,38,0,0,37
Cale Makar,24,COL,D,33,8,23,31,2,22,5.1,4,4,0,2,9,14,0,111,28.6,896,27:09:00,49,43,0,0,0
Beck Malenstyn,24,WSH,LW,5,1,1,2,2,2,0.3,1,0,0,1,1,0,0,4,11.6,43,8:34,2,15,1,0,39.2
Denis Malgin,26,TOT,C,26,2,2,4,-2,6,0,2,0,0,0,2,0,0,54,10.2,316,12:10,5,34,2,2,30
Denis Malgin,26,TOR,C,23,2,2,4,-1,4,0.1,2,0,0,0,2,0,0,46,7.1,267,11:37,5,28,2,2,46
Denis Malgin,26,COL,C,3,0,0,0,-1,2,-0.1,0,0,0,0,0,0,0,8,14.4,49,16:22,0,6,0,0,53.8
Evgeni Malkin,36,PIT,C,34,11,22,33,0,20,3.2,7,4,0,2,10,12,0,101,3.6,610,17:57,9,18,196,171,35
Brad Malone,33,EDM,C,10,0,0,0,-4,6,-0.3,0,0,0,0,0,0,0,7,12,77,7:41,4,26,26,19,18.2
Mikhail Maltsev,24,COL,LW,5,0,0,0,0,0,0,0,0,0,0,0,0,0,4,0,33,6:36,2,4,14,13,
Andrew Mangiapane,26,CGY,LW,36,7,8,15,-7,16,0.9,7,0,0,1,5,1,2,71,12.9,598,16:37,14,46,4,6,
Josh Manson,31,COL,D,21,2,4,6,2,40,1.4,2,0,0,2,4,0,0,30,4.2,356,16:57,23,46,0,0,
Anthony Mantha,28,WSH,RW,37,8,12,20,0,16,1.9,7,1,0,1,11,1,0,72,10.9,533,14:25,14,35,3,4,
Brad Marchand,34,BOS,LW,26,9,18,27,9,22,2.9,3,6,0,2,6,12,0,67,7.1,487,18:44,8,40,10,11,
Kirill Marchenko,22,CBJ,RW,10,4,0,4,2,2,0.7,3,1,0,0,0,0,0,14,0,125,12:30,5,6,0,0,
Jonathan Marchessault,32,VEG,C,35,14,13,27,-2,9,3,7,7,0,2,8,5,0,121,4.8,585,16:43,6,42,12,20,
Mason Marchment,27,DAL,F,36,9,12,21,0,48,2,7,2,0,1,10,2,0,88,13.3,568,15:47,16,49,7,8,
John Marino,25,NJD,D,32,3,6,9,11,10,2.6,3,0,0,0,6,0,0,42,3.8,683,21:20,43,31,0,0,
Mitch Marner,25,TOR,RW,35,13,28,41,3,12,3.9,9,3,1,2,15,12,1,90,26.2,747,21:20,25,29,0,2,
Pat Maroon,34,TBL,LW,32,1,4,5,-5,49,-0.1,1,0,0,0,3,1,0,28,4.8,315,9:51,3,62,2,4,
Matt Martin,33,NYI,LW,35,3,6,9,3,41,0.7,3,0,0,1,6,0,0,25,22.5,375,10:43,17,121,4,10,
Alec Martinez,35,VEG,D,37,0,5,5,6,14,1.8,0,0,0,0,5,0,0,33,0,727,19:39,132,24,0,0,
Jordan Martinook,30,CAR,LW,35,9,10,19,11,22,2.3,9,0,0,1,10,0,0,70,19.6,541,15:28,11,41,15,19,
Mike Matheson,28,MTL,D,10,1,5,6,-4,12,0.6,1,0,0,0,3,2,0,24,6.7,242,24:14:00,9,14,0,0,
Auston Matthews,25,TOR,C,35,17,23,40,19,10,4.8,9,8,0,3,18,5,0,156,12,713,20:22,37,51,255,235,
Scott Mayfield,30,NYI,D,36,4,4,8,4,40,2,4,0,0,0,4,0,0,56,0,735,20:24,71,46,0,0,
Dysin Mayo,26,ARI,D,13,0,0,0,-7,6,-0.4,0,0,0,0,0,0,0,6,2,156,11:58,18,28,0,0,
Charlie McAvoy,25,BOS,D,21,2,16,18,10,18,3,1,1,0,1,7,9,0,42,8.3,484,23:01,38,37,0,0,
Jack McBain,23,ARI,C,33,4,2,6,-3,29,0.1,4,0,0,0,2,0,0,30,0,440,13:20,21,108,163,197,
Jake McCabe,29,CHI,D,30,1,8,9,2,10,2,1,0,0,0,8,0,0,26,0,569,18:58,76,65,0,0,
Jared McCann,26,SEA,C,29,16,6,22,7,6,3,14,2,0,1,3,3,0,61,0,454,15:38,5,24,18,30,
Michael McCarron,27,NSH,RW,15,1,1,2,-2,17,0,1,0,0,0,1,0,0,21,0,148,9:50,13,34,19,19,
Connor McDavid,26,EDM,C,36,31,36,67,3,16,7.8,16,14,1,4,15,21,0,138,12.1,825,22:54,20,28,213,218,
Ryan McDonagh,33,NSH,D,26,0,7,7,6,8,1.8,0,0,0,0,7,0,0,24,12.3,532,20:28,55,21,0,0,
Brock McGinn,28,PIT,LW,34,10,5,15,4,8,1.8,8,0,2,3,5,0,0,51,4.5,456,13:25,20,44,3,7,
Roland McKeown,27,NSH,D,3,0,0,0,-1,6,0,0,0,0,0,0,0,0,0,0,41,13:44,4,1,0,0,
Michael McLeod,24,NJD,C,34,3,11,14,3,30,1.1,3,0,0,1,11,0,0,45,0,409,12:01,17,57,241,177,
Ryan McLeod,23,EDM,C,23,3,5,8,-1,10,0.4,2,0,1,0,4,0,1,25,7.1,332,14:26,9,13,120,139,
Connor McMichael,22,WSH,C,6,0,0,0,0,5,-0.1,0,0,0,0,0,0,0,2,7.1,53,8:52,3,2,2,1,
Brayden McNabb,32,VEG,D,37,1,10,11,13,12,3,1,0,0,0,8,0,2,51,19,752,20:20,82,79,0,0,
Mason Mctavish,20,ANA,C,35,6,14,20,-10,18,1.3,3,3,0,0,8,6,0,72,0,503,14:22,13,33,99,128,
Jaycob Megna,30,SJS,D,33,0,9,9,2,17,1.7,0,0,0,0,8,0,1,33,14.7,609,18:27,44,38,0,0,
Jayson Megna,32,TOT,C,22,0,1,1,-8,4,-0.5,0,0,0,0,1,0,0,10,5.6,178,8:06,9,27,38,38,
Jayson Megna,32,COL,C,14,0,0,0,-2,2,-0.2,0,0,0,0,0,0,0,4,15.7,102,7:18,2,20,36,35,
Jayson Megna,32,ANA,C,8,0,1,1,-6,2,-0.2,0,0,0,0,1,0,0,6,3.8,76,9:31,7,7,2,3,
Timo Meier,26,SJS,RW,36,20,16,36,-4,12,4.1,10,10,0,3,14,2,0,165,11.8,720,20:00,12,82,16,23,
Dawson Mercer,21,NJD,C,34,8,10,18,0,10,1.7,6,1,1,2,7,3,0,65,0,521,15:19,25,14,35,48,
Jonathon Merrill,30,MIN,D,30,1,6,7,1,12,1.4,1,0,0,0,6,0,0,22,10.6,478,15:56,37,21,0,0,
Victor Mete,24,TOR,D,11,0,2,2,3,4,0.5,0,0,0,0,2,0,0,7,10.9,144,13:04,9,3,0,0,
Carson Meyer,25,CBJ,RW,7,0,0,0,-2,0,-0.2,0,0,0,0,0,0,0,8,6.7,63,9:03,3,11,0,0,
Ben Meyers,24,COL,F,13,1,0,1,-2,0,-0.1,1,0,0,0,0,0,0,14,6.1,164,12:39,4,12,57,42,
Jacob Middleton,27,MIN,D,33,2,4,6,3,40,1.7,2,0,0,0,4,0,0,28,10.9,602,18:14,57,48,0,0,
Ilya Mikheyev,28,VAN,F,31,12,10,22,7,2,2.5,11,1,0,1,9,1,0,63,10.8,529,17:04,10,10,1,7,
Niko Mikkola,26,STL,D,34,0,2,2,7,21,1.1,0,0,0,0,2,0,0,20,4.9,537,15:48,50,66,0,0,
Sonny Milano,26,WSH,LW,24,5,11,16,-1,10,1.5,5,0,0,2,7,4,0,34,0,325,13:32,5,18,0,0,
Colin Miller,30,DAL,D,35,2,7,9,13,23,2.5,2,0,0,1,7,0,0,36,7.9,570,16:17,26,50,0,0,
J.T. Miller,29,VAN,C,34,13,17,30,-11,28,2.3,6,7,0,1,9,8,0,83,0,708,20:49,21,77,88,95,
K'Andre Miller,23,NYR,D,36,2,14,16,1,16,2.6,2,0,0,0,12,0,2,53,0,794,22:03,42,76,0,0,
Daniil Miromanov,25,VEG,D,12,2,3,5,-6,2,0.5,1,1,0,0,1,2,0,17,4.8,213,17:47,12,6,0,0,
Ian Mitchell,24,CHI,D,7,0,2,2,-5,0,0,0,0,0,0,2,0,0,5,0,117,16:41,8,1,0,0,
Casey Mittelstadt,24,BUF,C,32,5,12,17,-12,8,0.7,1,3,1,0,5,7,0,47,4.3,500,15:37,4,16,190,201,
Sean Monahan,28,MTL,C,25,6,11,17,-5,16,1.4,5,1,0,0,8,3,0,55,12,434,17:22,8,10,177,144,
Brandon Montour,28,FLA,D,33,6,21,27,-5,40,3.2,3,3,0,3,14,7,0,89,7.1,828,25:05:00,44,41,0,0,
Trevor Moore,27,LAK,LW,37,7,12,19,-4,8,1.1,5,1,1,1,7,5,0,115,14.4,653,17:39,12,41,6,17,
Josh Morrissey,27,WPG,D,35,6,34,40,14,23,6.3,5,1,0,4,21,13,0,55,0,822,23:30,48,39,0,0,
J.J. Moser,22,ARI,D,33,4,12,16,-12,16,1.7,4,0,0,1,5,7,0,37,14.6,725,21:57,64,31,0,0,
Tyler Motte,27,OTT,C,32,3,6,9,3,4,0.7,2,0,1,0,6,0,0,61,15.2,443,13:50,32,67,19,29,
Jacob Moverare,24,LAK,D,2,0,0,0,-1,0,-0.1,0,0,0,0,0,0,0,6,16.2,30,14:58,4,3,0,0,
Connor Murphy,29,CHI,D,33,3,2,5,-2,25,1.7,2,0,1,0,2,0,0,38,0,644,19:31,69,63,0,0,
Ryan Murray,29,EDM,D,13,0,3,3,-4,4,0.1,0,0,0,0,3,0,0,8,11.8,171,13:07,12,11,0,0,
Jake Muzzin,33,TOR,D,4,0,1,1,0,2,0.2,0,0,0,0,1,0,0,8,10,67,16:43,10,11,0,0,
Philippe Myers,26,TBL,D,11,1,2,3,0,4,0.5,1,0,0,0,2,0,0,21,12.5,127,11:33,6,31,0,0,
Tyler Myers,32,VAN,D,31,0,9,9,7,45,1.6,0,0,0,0,9,0,0,36,8.8,638,20:36,48,37,0,0,
Vladislav Namestnikov,30,TBL,C,31,2,6,8,-5,11,0.1,2,0,0,0,4,2,0,46,16.7,399,12:52,10,41,45,77,
Martin Necas,24,CAR,C,35,15,19,34,7,18,4,11,4,0,2,13,6,0,125,20,682,19:29,8,24,84,119,
Jake Neighbours,20,STL,LW,13,1,0,1,-10,4,-0.4,1,0,0,0,0,0,0,14,5.7,156,12:02,4,12,2,5,
Brock Nelson,31,NYI,C,36,15,21,36,10,16,4.3,12,3,0,5,15,6,0,104,17.2,671,18:39,23,30,238,259,
Patrik Nemeth,30,ARI,D,28,0,3,3,0,10,0.7,0,0,0,0,3,0,0,19,9.8,445,15:54,36,41,0,0,
Alex Newhook,22,COL,C,33,7,5,12,-3,10,1,6,1,0,1,5,0,0,48,6.3,492,14:55,8,29,64,124,
Valeri Nichushkin,27,COL,RW,15,7,9,16,4,0,1.9,1,5,1,1,7,1,1,46,0,310,20:41,10,18,0,1,
Nino Niederreiter,30,NSH,RW,33,11,6,17,-8,6,1.6,9,2,0,1,5,1,0,68,9.6,515,15:36,12,71,3,3,
Markus Niemelinen,24,EDM,D,20,0,0,0,4,4,0.4,0,0,0,0,0,0,0,13,14.3,209,10:28,14,57,0,0,
Matthew Nieto,30,SJS,LW,32,6,6,12,-13,6,0.5,6,0,0,1,5,1,0,51,4.8,496,15:30,14,23,3,5,
Stefan Noesen,29,CAR,RW,34,7,10,17,3,17,1.8,2,5,0,1,6,4,0,70,0,430,12:39,12,50,11,8,
Joshua Norris,23,OTT,C,5,1,1,2,0,2,0.2,1,0,0,0,1,0,0,8,5.9,92,18:21,3,6,33,24,
Tomas Nosek,30,BOS,C,34,3,4,7,6,34,0.4,2,0,1,0,4,0,0,34,26.7,427,12:34,14,36,179,128,
Thomas Novak,25,NSH,C,4,1,2,3,-1,2,0.3,0,1,0,0,1,1,0,6,6.7,48,11:55,2,0,6,21,
Ryan Nugent-Hopkins,29,EDM,C,36,18,23,41,-5,20,4.1,12,6,0,2,6,16,1,90,0,710,19:43,14,22,152,181,
Darnell Nurse,27,EDM,D,36,5,13,18,9,30,3.3,4,0,1,1,12,1,0,87,0,863,23:58,72,55,0,0,
William Nylander,26,TOR,C,35,21,19,40,16,10,5.2,15,6,0,3,11,8,0,122,19.1,648,18:31,9,10,14,18,
Gustav Nyquist,33,CBJ,RW,33,6,10,16,-9,14,0.9,6,0,0,0,10,0,0,61,4.5,580,17:35,20,21,10,15,
Liam O'Brien,28,ARI,C,28,1,4,5,0,40,0,1,0,0,0,4,0,0,16,10.6,337,12:01,15,102,3,4,
Drew O'Connor,24,PIT,F,5,0,0,0,-1,2,-0.1,0,0,0,0,0,0,0,4,13.9,39,7:53,3,10,9,13,
Logan O'Connor,26,COL,RW,33,5,5,10,3,10,0.8,4,0,1,0,4,0,1,52,0,505,15:18,27,51,0,7,
Ryan O'Reilly,31,STL,C,35,10,6,16,-26,6,0.5,8,1,1,2,5,1,0,70,10.1,643,18:22,17,13,330,293,
Jordan Oesterle,30,DET,D,22,1,1,2,2,6,0.7,1,0,0,0,1,0,0,21,37.5,340,15:27,25,17,0,0,
Nikita Okhotyuk,22,NJD,D,1,0,0,0,1,0,0.1,0,0,0,0,0,0,0,2,15.4,14,14:03,2,1,0,0,
Kyle Okposo,34,BUF,RW,25,3,10,13,3,12,0.9,2,1,0,0,7,3,0,51,9.4,374,14:58,8,27,37,53,
Oskar Olausson,20,COL,RW,1,0,0,0,0,0,0,0,0,0,0,0,0,0,0,3.1,7,7:02,0,0,0,0,
Jamie Oleksiak,30,SEA,D,25,4,3,7,3,23,1.3,4,0,0,0,3,0,0,15,13.4,476,19:01,46,56,0,0,
Mathieu Olivier,25,CBJ,F,28,2,3,5,-11,43,-0.2,2,0,0,1,3,0,0,30,12.5,319,11:24,25,66,0,7,
Frederik Olofsson,26,DAL,LW,1,0,0,0,0,0,0,0,0,0,0,0,0,0,4,13.8,9,9:16,0,0,0,0,
Gustav Olofsson,28,SEA,D,3,0,0,0,1,0,0.1,0,0,0,0,0,0,0,6,22.4,39,12:56,4,2,0,0,
Victor Olofsson,27,BUF,RW,32,13,5,18,-9,4,1.7,10,3,0,2,3,2,0,68,12.6,454,14:11,7,7,1,3,
Dmitry Orlov,31,WSH,D,21,2,8,10,10,4,2.4,2,0,0,1,7,1,0,44,5.9,465,22:07,35,48,0,0,
T.J. Oshie,36,WSH,C,22,5,6,11,-6,17,0.8,1,4,0,1,5,1,0,47,10,366,16:39,13,55,18,35,
Alex Ovechkin,37,WSH,LW,37,22,19,41,-3,16,4.8,15,7,0,3,11,8,0,158,9.4,759,20:30,12,99,2,3,
Brayden Pachal,23,VEG,D,4,0,2,2,1,2,0.3,0,0,0,0,2,0,0,10,8.6,62,15:30,3,11,0,0,
Jean-Gabriel Pageau,30,NYI,C,36,7,12,19,-5,2,1.3,2,4,1,2,10,2,0,69,7.1,662,18:23,28,93,403,312,
Ondrej Palat,31,NJD,LW,6,3,0,3,-1,0,0.4,3,0,0,1,0,0,0,8,9.7,112,18:43,4,12,0,2,
Kyle Palmieri,31,NYI,RW,21,6,3,9,-2,6,0.9,5,1,0,1,2,1,0,39,12.6,337,16:04,6,34,6,10,
Artemi Panarin,31,NYR,LW,36,9,32,41,-7,12,3.3,7,2,0,2,17,15,0,96,9.1,729,20:15,6,10,0,3,
Colton Parayko,29,STL,D,32,2,8,10,-12,14,0.9,2,0,0,1,7,1,0,65,3.5,754,23:34,60,58,0,0,
Zach Parise,38,NYI,LW,36,11,6,17,4,8,1.9,7,3,1,1,4,1,1,82,0,587,16:18,34,37,9,10,
Juuso Parssinen,21,NSH,C,19,3,4,7,-7,0,0.3,2,1,0,1,2,2,0,24,14.9,301,15:50,6,36,77,90,
David Pastrnak,26,BOS,RW,34,24,23,47,11,18,6,14,10,0,3,11,12,0,174,0,679,19:58,10,34,5,6,
Nick Paul,27,TBL,LW,32,13,8,21,11,12,2.7,10,3,0,3,8,0,0,58,6.8,549,17:10,28,57,201,186,
Joe Pavelski,38,DAL,C,36,11,23,34,22,4,4.2,5,6,0,0,17,6,0,87,15.2,624,17:19,27,36,179,156,
Tanner Pearson,30,VAN,LW,14,1,4,5,-9,21,-0.1,1,0,0,0,3,1,0,17,0,189,13:30,3,20,7,11,
Lane Pederson,25,VAN,F,5,1,2,3,3,4,0.4,1,0,0,0,2,0,0,10,9.5,66,13:13,4,9,6,9,
Andrew Peeke,24,CBJ,D,33,3,2,5,-10,14,0.7,3,0,0,1,1,0,1,32,0,671,20:19,67,70,0,0,
Adam Pelech,28,NYI,D,27,3,8,11,12,24,2.6,3,0,0,0,7,0,1,35,0,562,20:49,41,39,0,0,
Nicklaus Perbix,24,TBL,D,26,3,5,8,8,8,1.9,3,0,0,1,5,0,0,42,6.3,404,15:33,29,26,0,0,
Cole Perfetti,21,WPG,C,33,6,14,20,5,16,1.8,6,0,0,0,11,3,0,62,7.1,498,15:06,15,25,2,7,
David Perron,34,DET,LW,32,11,15,26,2,14,2.7,9,2,0,2,8,7,0,87,14.9,543,16:58,13,42,0,2,
Corey Perry,37,TBL,RW,32,5,9,14,-10,27,0.7,2,3,0,1,3,6,0,55,8.5,400,12:30,10,26,0,0,
Brett Pesce,28,CAR,D,35,2,9,11,9,12,2.8,1,1,0,2,7,2,0,57,16.7,786,22:27,58,17,0,0,
Nic Petan,27,MIN,C,8,0,2,2,3,2,0.2,0,0,0,0,2,0,0,6,8.3,90,11:16,3,3,0,1,
John-Jason Peterka,21,BUF,RW,32,7,8,15,1,14,1.2,7,0,0,1,6,2,0,47,0,458,14:19,3,6,0,1,
Jacob Peterson,23,DAL,C,1,0,0,0,-2,0,-0.1,0,0,0,0,0,0,0,1,11.8,12,12:19,1,0,0,0,
Jeff Petry,35,PIT,D,28,3,9,12,4,18,2.3,1,2,0,0,7,2,0,44,17.5,625,22:20,54,89,0,0,
Elias Pettersson,24,VAN,C,32,16,26,42,10,4,4.7,16,0,0,2,13,12,1,105,0,630,19:41,32,26,161,209,
Marcus Pettersson,26,PIT,D,34,0,11,11,5,19,2.1,0,0,0,0,11,0,0,42,0,701,20:38,68,70,0,0,
Michael Pezzetta,24,MTL,C,18,2,1,3,-4,14,0.1,2,0,0,0,0,1,0,21,0,142,7:53,2,51,5,5,
Isaak Phillips,21,CHI,D,3,0,0,0,-3,0,-0.1,0,0,0,0,0,0,0,5,7,49,16:10,1,8,0,0,
Matthew Phillips,24,CGY,F,2,0,0,0,0,2,0,0,0,0,0,0,0,0,1,1.4,18,9:02,0,0,0,0,
Alex Pietrangelo,33,VEG,D,28,4,23,27,-1,6,3.7,3,1,0,1,13,10,0,63,3.9,672,24:01:00,66,30,0,0,
Lawrence Pilut,27,BUF,D,17,1,2,3,-4,0,0.1,1,0,0,1,2,0,0,14,3.6,218,12:48,16,6,0,0,
Shane Pinto,22,OTT,C,34,10,6,16,-9,6,1.5,7,3,0,2,4,2,0,67,15,541,15:54,14,33,202,155,
Neal Pionk,27,WPG,D,35,5,9,14,-8,17,2.1,5,0,0,1,8,1,0,59,20.8,764,21:50,61,79,0,0,
Rem Pitlick,25,MTL,C,14,1,0,1,-4,10,-0.2,1,0,0,0,0,0,0,6,12.7,143,10:14,3,5,7,10,
Tyler Pitlick,31,STL,C,22,1,1,2,-1,2,-0.1,1,0,0,0,1,0,0,12,0,196,8:55,9,37,0,2,
Vasily Podkolzin,21,VAN,RW,16,0,3,3,-2,9,-0.2,0,0,0,0,3,0,0,18,19.2,201,12:34,7,21,2,4,
Ryan Poehling,24,PIT,C,30,4,4,8,3,2,0.7,3,0,1,0,3,0,1,34,13,337,11:15,19,42,95,120,
Brayden Point,26,TBL,C,32,17,15,32,2,2,3.6,12,5,0,5,10,5,0,97,0,651,20:21,11,13,181,209,
Tucker Poolman,29,VAN,D,3,0,1,1,1,0,0.2,0,0,0,0,1,0,0,3,33.3,42,13:58,2,2,0,0,
Samuel Poulin,21,PIT,RW,3,0,1,1,-3,2,-0.1,0,0,0,0,0,1,0,2,14,30,9:58,1,3,8,9,
Owen Power,20,BUF,D,29,0,10,10,9,16,1.8,0,0,0,0,7,2,1,42,0,685,23:38,37,14,0,0,
Aliaksei Protas,22,WSH,C,37,3,4,7,1,4,0.4,3,0,0,0,4,0,0,43,0,403,10:54,8,26,3,16,
Ivan Provorov,26,PHI,D,35,1,11,12,-10,10,1.5,1,0,0,0,9,2,0,69,0,817,23:21,84,54,0,0,
Jesse Puljujarvi,24,EDM,RW,36,2,6,8,-12,11,-0.4,2,0,0,0,6,0,0,51,5.9,474,13:10,10,74,0,1,
Ryan Pulock,28,NYI,D,36,2,12,14,11,8,2.9,2,0,0,1,9,3,0,55,0,719,19:58,59,58,0,0,
Jack Quinn,21,BUF,RW,27,6,11,17,4,0,1.6,5,1,0,1,6,5,0,40,0,376,13:55,2,14,6,11,
Taylor Raddysh,24,CHI,RW,33,10,4,14,-13,6,1.2,6,4,0,0,2,2,0,48,12.1,534,16:11,14,38,5,4,
Rickard Rakell,29,PIT,RW,34,13,9,22,10,4,2.7,9,4,0,0,6,3,0,102,0,619,18:12,25,62,6,4,
Sampo Ranta,22,COL,LW,5,0,0,0,0,2,-0.1,0,0,0,0,0,0,0,5,33.3,36,7:12,2,7,0,1,
Mikko Rantanen,26,COL,RW,33,24,19,43,7,24,5.5,20,4,0,4,6,13,0,125,0,756,22:55,18,44,92,125,
Michael Rasmussen,23,DET,C,30,6,9,15,-5,25,1.1,6,0,0,0,9,0,0,46,0,434,14:28,26,65,153,157,
Jack Rathbone,23,VAN,D,6,0,1,1,-3,0,-0.1,0,0,0,0,1,0,0,7,15,93,15:25,3,1,0,0,
Aatu Raty,20,NYI,C,2,1,0,1,1,0,0.2,1,0,0,0,0,0,0,3,16.7,20,9:54,1,2,4,7,
Lucas Raymond,20,DET,LW,32,8,10,18,-8,14,1.2,4,4,0,3,5,5,0,57,16.2,559,17:28,5,14,3,5,
Ryan Reaves,36,TOT,RW,27,0,4,4,-3,19,-0.1,0,0,0,0,4,0,0,12,7.4,258,9:32,9,80,3,7,
Ryan Reaves,36,MIN,RW,15,0,4,4,2,7,0.2,0,0,0,0,4,0,0,9,6.8,156,10:25,5,36,1,3,
Ryan Reaves,36,NYR,RW,12,0,0,0,-5,12,-0.3,0,0,0,0,0,0,0,3,11,101,8:27,4,44,2,4,
Pavol Regenda,23,ANA,F,14,1,2,3,-3,4,0,1,0,0,0,2,0,0,17,2.2,148,10:33,13,8,1,1,
Alec Regula,22,CHI,D,4,0,0,0,-3,4,-0.1,0,0,0,0,0,0,0,2,0,66,16:36,8,4,0,0,
Lukas Reichel,20,CHI,LW,1,0,0,0,-1,0,-0.1,0,0,0,0,0,0,0,0,5.9,14,13:58,0,0,3,1,
Mike Reilly,29,BOS,D,10,0,1,1,0,2,0.2,0,0,0,0,1,0,0,12,13,167,16:44,10,21,0,0,
Sam Reinhart,27,FLA,C,35,12,12,24,-3,6,2,6,6,0,1,9,2,1,99,6.1,692,19:47,17,21,52,71,
Dan Renouf,28,BOS,D,1,0,0,0,-3,0,-0.2,0,0,0,0,0,0,0,5,0,12,11:34,2,1,0,0,
Anthony Richard,26,MTL,C,3,1,0,1,2,2,0.2,1,0,0,0,0,0,0,3,5.8,32,10:38,0,5,0,0,
Morgan Rielly,28,TOR,D,20,0,16,16,-1,7,1.9,0,0,0,0,10,6,0,34,12.2,460,23:00,24,22,0,0,
Rasmus Ristolainen,28,PHI,D,28,0,1,1,-7,20,0.2,0,0,0,0,1,0,0,28,0,514,18:21,66,67,0,0,
Brett Ritchie,29,CGY,RW,28,6,2,8,3,21,1,6,0,0,0,2,0,0,40,10,261,9:19,4,51,2,0,
Nick Ritchie,27,ARI,LW,30,7,7,14,-8,26,1,3,4,0,2,3,4,0,42,6.7,408,13:35,10,73,2,7,
Jason Robertson,23,DAL,LW,36,24,27,51,19,8,7,18,6,0,5,13,14,0,148,14,666,18:31,4,17,0,1,
Nicholas Robertson,21,TOR,LW,15,2,3,5,2,0,0.5,2,0,0,1,3,0,0,27,13.9,163,10:53,7,18,2,1,
Buddy Robinson,31,CHI,RW,1,0,0,0,-1,0,-0.1,0,0,0,0,0,0,0,0,0,11,11:03,0,3,0,0,
Eric Robinson,27,CBJ,LW,31,3,7,10,-9,6,0.3,3,0,0,1,5,0,2,44,13.5,428,13:47,11,51,1,7,
Evan Rodrigues,29,COL,C,24,8,5,13,-2,12,1.3,3,5,0,0,5,0,0,73,22.2,448,18:41,8,14,79,79,
Alexander Romanov,23,NYI,D,36,1,11,12,10,23,2.5,1,0,0,0,11,0,0,46,4.3,730,20:17,74,92,0,0,
Kevin Rooney,29,CGY,C,17,0,1,1,-2,7,-0.2,0,0,0,0,1,0,0,14,3.2,151,8:52,10,26,44,61,
Filip Roos,24,CHI,D,15,1,2,3,-7,4,0.3,1,0,0,0,2,0,0,17,1.8,245,16:19,17,11,0,0,
Calle Rosen,28,STL,D,18,3,4,7,9,4,1.8,3,0,0,1,4,0,0,23,6.1,252,13:59,20,7,0,0,
Jack Roslovic,26,CBJ,C,30,3,15,18,-4,8,1.1,0,1,2,0,11,4,0,49,11.1,497,16:34,23,19,183,203,
Marco Rossi,21,MIN,C,16,0,1,1,-4,6,-0.4,0,0,0,0,1,0,0,11,7.5,199,12:26,7,4,56,67,
Matt Roy,27,LAK,D,38,4,8,12,-2,12,1.9,4,0,0,0,7,0,1,69,4.2,700,18:26,68,57,0,0,
Nicolas Roy,25,VEG,C,34,5,8,13,-2,12,0.8,3,2,0,1,5,2,1,41,20.4,530,15:36,22,45,200,200,
Chad Ruhwedel,32,PIT,D,17,0,1,1,2,10,0.4,0,0,0,0,1,0,0,10,12.5,224,13:10,15,21,0,0,
Bryan Rust,30,PIT,RW,34,9,12,21,-11,11,1.5,7,2,0,0,8,3,1,90,4.5,593,17:26,17,39,2,2,
Jan Rutta,32,PIT,D,34,3,3,6,7,22,1.9,3,0,0,0,3,0,0,45,18.9,591,17:23,41,42,0,0,
Adam Ruzicka,23,CGY,C,26,6,14,20,5,6,2.1,4,2,0,2,10,4,0,43,8.1,331,12:44,3,18,34,41,
Derek Ryan,36,EDM,C,35,5,4,9,-1,18,0.6,5,0,0,0,4,0,0,36,12.1,371,10:35,20,23,82,88,
Jonas Rndbjerg,23,VEG,RW,6,0,0,0,-2,4,-0.2,0,0,0,0,0,0,0,4,6.5,57,9:33,2,0,1,1,
Brandon Saad,30,STL,LW,28,7,3,10,-6,6,0.7,6,0,1,0,3,0,0,52,12.7,470,16:47,12,14,0,2,
Robin Salo,24,NYI,D,11,2,2,4,1,4,0.8,2,0,0,0,2,0,0,9,6.8,123,11:11,13,6,0,0,
Dylan Samberg,24,WPG,D,26,1,4,5,2,12,1.2,1,0,0,0,4,0,0,23,7,396,15:14,46,44,0,0,
Mattias Samuelsson,22,BUF,D,19,1,1,2,14,12,1.4,1,0,0,0,1,0,0,31,0,429,22:36,38,47,0,0,
Jake Sanderson,20,OTT,D,34,1,11,12,2,4,2.5,0,1,0,0,6,5,0,56,8.8,714,20:59,57,23,0,0,
Rasmus Sandin,22,TOR,D,33,2,12,14,7,15,2.6,2,0,0,0,6,6,0,33,8.9,597,18:06,38,74,0,0,
Zach Sanford,28,NSH,LW,8,1,1,2,-3,2,0,1,0,0,1,1,0,0,9,4,97,12:04,6,9,1,0,
Travis Sanheim,26,PHI,D,35,4,10,14,-6,22,2.2,3,0,1,0,9,1,0,53,10,737,21:03,61,36,0,0,
David Savard,32,MTL,D,24,1,7,8,-4,18,1.1,1,0,0,1,7,0,0,24,5.9,535,22:17,74,19,0,0,
Mark Scheifele,29,WPG,C,35,20,8,28,-1,28,3.3,14,6,0,2,6,2,0,98,15.4,732,20:55,15,21,245,288,
Brayden Schenn,31,STL,C,35,7,20,27,-13,23,1.8,6,1,0,1,15,5,0,56,0,618,17:40,6,60,102,136,
Luke Schenn,33,VAN,D,34,2,8,10,5,54,1.8,2,0,0,0,8,0,0,44,8.7,598,17:35,57,159,0,0,
Nick Schmaltz,26,ARI,C,18,7,9,16,1,10,1.7,5,2,0,1,8,1,0,37,14.1,334,18:34,9,4,23,30,
Nate Schmidt,31,WPG,D,29,3,3,6,6,2,2,1,2,0,0,2,1,0,37,25,577,19:54,40,19,0,0,
Braden Schneider,21,NYR,D,36,4,4,8,10,5,2.4,4,0,0,0,4,0,0,33,0,544,15:06,50,56,0,0,
Justin Schultz,32,SEA,D,30,3,14,17,5,22,2.3,3,0,0,1,7,7,0,46,2.4,554,18:28,35,12,0,0,
Jaden Schwartz,30,SEA,C,31,8,9,17,-10,8,0.9,3,5,0,1,9,0,0,63,7.9,556,17:56,7,28,45,43,
Lukas Sedlak,29,TOT,C,30,3,5,8,4,12,0.7,3,0,0,0,4,0,1,44,4.9,366,12:12,31,58,88,102,
Lukas Sedlak,29,PHI,C,27,3,5,8,3,12,0.6,3,0,0,0,4,0,1,43,3.6,343,12:42,27,53,84,92,
Lukas Sedlak,29,COL,C,3,0,0,0,1,0,0,0,0,0,0,0,0,0,1,0,23,7:42,4,5,4,10,
Nick Seeler,29,PHI,D,33,3,3,6,3,28,1.6,3,0,0,0,3,0,0,34,10,462,14:01,53,46,0,0,
Tyler Seguin,31,DAL,C,36,7,17,24,4,14,2.1,5,2,0,2,15,2,0,79,17.2,605,16:48,13,29,261,207,
Moritz Seider,21,DET,D,32,2,10,12,-14,12,1,2,0,0,1,5,4,1,50,7.6,734,22:57,78,71,0,0,
Mikhail Sergachev,24,TBL,D,30,5,22,27,-1,26,3.4,3,2,0,1,10,11,1,50,12.5,709,23:37,62,36,0,0,
Damon Severson,28,NJD,D,33,2,4,6,0,24,1.3,2,0,0,1,2,2,0,34,3.3,616,18:39,39,18,0,0,
Yegor Sharangovich,24,NJD,C,34,10,7,17,0,6,1.8,8,0,2,2,6,0,1,65,0,484,14:15,21,10,11,17,
Kevin Shattenkirk,34,ANA,D,31,0,9,9,-3,28,1.3,0,0,0,0,8,1,0,68,0,559,18:01,44,41,0,0,
Mason Shaw,24,MIN,C,28,4,7,11,3,49,1,4,0,0,0,5,0,2,46,3.8,327,11:40,8,49,8,7,
Riley Sheahan,31,BUF,C,2,0,0,0,-2,4,-0.1,0,0,0,0,0,0,0,0,0,17,8:19,1,0,7,3,
Conor Sheary,30,WSH,LW,37,11,12,23,2,16,2.4,7,2,2,1,8,4,0,78,0,607,16:24,16,22,13,14,
Kiefer Sherwood,27,NSH,RW,5,1,1,2,1,11,0.2,1,0,0,0,1,0,0,4,0,50,10:02,0,8,1,0,
Devin Shore,28,EDM,C,28,0,3,3,2,2,-0.1,0,0,0,0,3,0,0,17,18.1,244,8:43,16,29,53,54,
Jonas Siegenthaler,25,NJD,D,34,1,11,12,16,22,3,0,1,0,0,11,0,0,42,0,704,20:42,62,38,0,0,
Jakob Silfverberg,32,ANA,LW,34,5,4,9,-13,8,0,4,1,0,0,3,1,0,63,16.7,521,15:20,26,6,12,14,
Cole Sillinger,19,CBJ,C,30,2,4,6,-6,12,0,1,1,0,0,4,0,0,41,0,379,12:38,12,39,136,166,
Radim Simek,30,SJS,D,29,1,1,2,-8,25,0.2,1,0,0,0,1,0,0,28,5.6,439,15:08,51,58,0,0,
Wayne Simmonds,34,TOR,RW,7,0,1,1,0,8,0,0,0,0,0,1,0,0,6,0,53,7:38,4,18,0,0,
Colton Sissons,29,NSH,C,33,3,5,8,-1,4,0.3,3,0,0,0,5,0,0,30,18.9,510,15:28,23,78,244,209,
Jeff Skinner,30,BUF,LW,29,16,20,36,13,25,4.5,11,5,0,0,14,6,0,93,6.5,493,17:00,6,15,56,60,
Brady Skjei,28,CAR,D,34,6,9,15,13,8,3.8,4,1,1,2,9,0,0,79,6.1,731,21:31,25,34,0,0,
Juraj Slafkovsky,18,MTL,LW,29,4,6,10,-2,31,0.8,3,1,0,0,5,1,0,32,18.2,345,11:54,19,33,3,3,
Jaccob Slavin,28,CAR,D,35,2,8,10,10,6,2.8,2,0,0,1,7,0,1,60,0,795,22:42,56,25,0,0,
Brendan Smith,33,NJD,D,33,0,3,3,1,38,0.8,0,0,0,0,3,0,0,34,14.7,481,14:34,39,65,0,0,
Cole Smith,27,NSH,F,33,0,7,7,1,32,0.1,0,0,0,0,6,0,1,37,0,389,11:47,11,85,0,4,
Craig Smith,33,BOS,C,20,1,3,4,1,6,0.2,1,0,0,0,2,1,0,26,2.8,196,9:48,3,19,0,2,
Givani Smith,24,TOT,RW,3,0,0,0,-3,7,-0.2,0,0,0,0,0,0,0,4,0,27,8:58,1,8,0,0,
Givani Smith,24,DET,RW,2,0,0,0,-3,0,-0.1,0,0,0,0,0,0,0,3,13.3,20,9:57,1,4,0,0,
Givani Smith,24,FLA,RW,1,0,0,0,0,7,0,0,0,0,0,0,0,0,1,15.4,7,7:01,0,4,0,0,
Reilly Smith,31,VEG,RW,37,17,10,27,3,8,3.4,7,6,4,3,9,1,0,94,4,635,17:10,14,26,2,1,
Joe Snively,27,WSH,F,5,0,1,1,-1,0,0,0,0,0,0,1,0,0,9,15,60,11:56,2,2,1,0,
Elmer Soderblom,21,DET,RW,16,4,1,5,-1,6,0.5,4,0,0,1,1,0,0,24,0,201,12:34,9,16,1,1,
Nikita Soshnikov,29,NYI,RW,3,0,0,0,-2,0,-0.1,0,0,0,0,0,0,0,4,14.6,30,9:56,0,8,0,1,
Carson Soucy,28,SEA,D,32,2,6,8,10,33,1.7,2,0,0,0,6,0,0,36,8.2,529,16:31,33,68,0,0,
Jordan Spence,21,LAK,D,3,0,0,0,0,0,0,0,0,0,0,0,0,0,4,0,43,14:19,3,2,0,0,
Daniel Sprong,25,SEA,RW,25,10,9,19,11,4,2.6,7,3,0,2,5,4,0,53,0,265,10:37,3,12,1,2,
Jared Spurgeon,33,MIN,D,34,4,12,16,16,10,4,3,1,0,1,9,2,1,62,9.4,719,21:09,73,34,0,0,
Eric Staal,38,FLA,C,28,3,5,8,-10,10,0,3,0,0,0,5,0,0,49,14,395,14:06,18,13,150,174,
Jordan Staal,34,CAR,C,35,10,8,18,8,10,2.1,10,0,0,3,8,0,0,55,8.7,578,16:30,14,78,329,295,
Marc Staal,36,FLA,D,35,0,4,4,-3,8,0.5,0,0,0,0,4,0,0,24,8.7,637,18:12,51,63,0,0,
Steven Stamkos,32,TBL,C,32,16,22,38,3,16,4.1,9,7,0,2,14,8,0,109,19.6,620,19:22,25,38,192,175,
Logan Stanley,24,WPG,D,7,0,1,1,0,6,0.2,0,0,0,0,1,0,0,5,14.9,95,13:35,8,20,0,0,
Paul Stastny,37,CAR,C,34,1,8,9,1,14,0.4,1,0,0,1,7,1,0,36,17.2,420,12:21,7,15,121,84,
Troy Stecher,28,ARI,D,33,0,2,2,-5,23,0.3,0,0,0,0,2,0,0,38,8.9,541,16:24,48,31,0,0,
Sam Steel,24,MIN,C,34,6,9,15,7,10,1.5,6,0,0,1,7,2,0,45,0,476,13:59,6,20,164,169,
Kevin Stenlund,26,WPG,C,8,2,1,3,0,2,0.3,2,0,0,0,1,0,0,13,23.1,101,12:37,3,3,40,31,
Derek Stepan,32,CAR,C,32,2,2,4,4,4,0.3,2,0,0,0,2,0,0,50,16.8,289,9:03,8,9,96,84,
Chandler Stephenson,28,VEG,C,37,9,27,36,7,14,3.5,4,4,1,3,18,7,2,60,11.5,733,19:49,24,43,325,204,
Riley Stillman,24,VAN,D,20,0,3,3,-7,19,-0.1,0,0,0,0,3,0,0,21,10,305,15:16,20,27,0,0,
Mark Stone,30,VEG,RW,37,15,16,31,9,8,3.7,11,3,1,1,11,5,0,103,0,726,19:37,21,28,0,3,
Michael Stone,32,CGY,D,26,4,4,8,5,12,1.8,4,0,0,0,2,2,0,49,11.1,340,13:04,26,28,0,0,
Anton Stralman,36,BOS,D,8,0,0,0,-3,2,-0.1,0,0,0,0,0,0,0,3,13.2,123,15:22,10,12,0,0,
Austin Strand,25,ANA,D,5,0,0,0,-2,2,-0.1,0,0,0,0,0,0,0,5,12.6,62,12:24,4,5,0,0,
Dylan Strome,25,WSH,C,37,6,20,26,-8,10,1.9,4,2,0,1,11,9,0,64,3.4,628,16:58,20,9,241,254,
Ryan Strome,29,ANA,C,35,8,10,18,-14,27,1,7,1,0,2,9,1,0,57,11.2,593,16:56,11,16,241,309,
Jack Studnicka,23,TOT,C,17,2,1,3,-5,6,0,2,0,0,1,1,0,0,23,5.4,175,10:16,7,15,24,30,
Jack Studnicka,23,VAN,C,16,2,1,3,-4,2,0,2,0,0,1,1,0,0,23,17,167,10:25,7,15,24,28,
Jack Studnicka,23,BOS,C,1,0,0,0,-1,4,-0.1,0,0,0,0,0,0,0,0,17.8,8,8:01,0,0,0,2,
Nico Sturm,27,SJS,C,28,9,2,11,-5,11,1.1,9,0,0,1,2,0,0,46,0,415,14:50,19,41,161,117,
Tim Sttzle,21,OTT,LW,30,11,18,29,-10,24,2.7,6,5,0,1,8,10,0,74,66.7,607,20:13,22,55,85,117,
C.J. Suess,28,SJS,LW,1,0,0,0,-1,2,0,0,0,0,0,0,0,0,0,0,6,5:50,0,1,0,1,
Oskar Sundqvist,28,DET,C,25,5,8,13,-1,20,1,3,2,0,0,5,3,0,29,0,402,16:06,12,22,21,27,
Pius Suter,26,DET,F,31,4,6,10,0,2,0.7,3,0,1,0,6,0,0,45,0,400,12:54,17,17,60,70,
Ryan Suter,38,DAL,D,36,0,8,8,-9,18,0.7,0,0,0,0,6,2,0,44,11.8,769,21:22,56,44,0,0,
Nick Suzuki,23,MTL,C,34,15,16,31,-4,10,3.2,9,5,1,0,13,3,0,65,13.9,717,21:05,17,20,250,266,
Andrei Svechnikov,22,CAR,RW,35,18,13,31,0,20,3.8,15,3,0,1,6,7,0,107,8.8,640,18:17,5,72,1,0,
Evgeny Svechnikov,26,SJS,LW,28,3,4,7,0,10,0.5,3,0,0,0,4,0,0,26,13,311,11:06,11,39,5,3,
Brandon Tanev,31,SEA,LW,32,5,11,16,15,17,1.6,5,0,0,2,11,0,0,50,3.5,472,14:46,32,81,2,10,
Chris Tanev,33,CGY,D,28,0,5,5,-4,4,0.7,0,0,0,0,5,0,0,27,18.3,564,20:09,67,21,0,0,
Vladimir Tarasenko,31,STL,RW,33,10,19,29,-14,8,2.3,7,2,1,0,12,7,0,90,13,590,17:53,13,40,0,2,
Tomas Tatar,32,NJD,LW,34,9,10,19,20,14,2.6,9,0,0,0,10,0,0,68,10.5,519,15:17,20,27,8,15,
John Tavares,32,TOR,C,35,15,17,32,-1,16,3.3,8,7,0,2,8,9,0,119,0,606,17:20,15,49,341,232,
Teuvo Teravainen,28,CAR,F,25,2,10,12,0,6,0.7,0,1,1,0,7,3,0,59,4.2,415,16:36,7,8,11,7,
Troy Terry,25,ANA,C,35,12,17,29,-6,10,2.6,8,4,0,2,13,4,0,107,6.1,700,20:00,12,9,1,0,
Shea Theodore,27,VEG,D,29,4,18,22,14,6,4.3,3,1,0,1,14,4,0,74,11.1,633,21:51,41,11,0,0,
Robert Thomas,23,STL,C,34,8,24,32,-5,4,2.6,6,2,0,0,16,8,0,47,2,656,19:17,15,6,304,261,
Tage Thompson,25,BUF,C,32,26,24,50,12,18,6.5,13,12,1,4,14,10,0,146,16.5,605,18:54,10,16,164,228,
Lassi Thomson,22,OTT,D,2,0,0,0,-2,4,-0.1,0,0,0,0,0,0,0,1,0,22,10:54,0,2,0,0,
Chris Tierney,28,FLA,C,5,2,1,3,1,0,0.4,2,0,0,0,1,0,0,3,0,38,7:40,2,2,10,5,
Conor Timmins,24,TOT,D,11,0,6,6,-1,0,0.6,0,0,0,0,5,1,0,9,0,169,15:22,4,8,0,0,
Conor Timmins,24,TOR,D,9,0,6,6,1,0,0.8,0,0,0,0,5,1,0,6,8,152,16:53,4,8,0,0,
Conor Timmins,24,ARI,D,2,0,0,0,-2,0,-0.1,0,0,0,0,0,0,0,3,14.7,17,8:34,0,0,0,0,
Jarred Tinordi,30,CHI,D,25,2,3,5,-4,15,1.1,2,0,0,1,3,0,0,17,13.3,419,16:47,37,92,0,0,
Owen Tippett,23,PHI,RW,30,10,6,16,-8,8,1.5,6,4,0,1,6,0,0,72,5.7,483,16:06,24,59,9,3,
Brady Tkachuk,23,OTT,LW,34,13,24,37,-11,45,3.6,8,5,0,4,13,11,0,148,17.4,631,18:34,5,85,148,151,
Matthew Tkachuk,25,FLA,LW,32,15,25,40,6,57,4.2,13,2,0,0,15,10,0,115,16.8,655,20:27,11,22,8,12,
Devon Toews,28,COL,D,31,2,17,19,5,6,3.5,2,0,0,0,15,2,0,57,10.5,779,25:09:00,54,23,0,0,
Jonathan Toews,34,CHI,C,32,11,9,20,-16,35,1.7,4,7,0,1,7,2,0,60,0,571,17:50,18,4,389,204,
Tyler Toffoli,30,CGY,C,36,14,14,28,7,14,3.3,9,5,0,2,9,5,0,108,20.3,609,16:56,6,39,3,3,
Eeli Tolvanen,23,NSH,RW,13,2,2,4,-2,4,0.3,2,0,0,1,2,0,0,19,0,167,12:49,16,22,1,2,
Dominic Toninato,28,WPG,C,4,0,1,1,1,2,0.1,0,0,0,0,1,0,0,5,5.9,28,7:03,1,4,3,5,
Alexey Toropchenko,23,STL,RW,22,1,2,3,-1,6,0,1,0,0,0,2,0,0,24,20,222,10:06,8,51,0,0,
Yakov Trenin,26,NSH,C,28,3,5,8,3,8,0.6,2,0,1,0,5,0,0,49,10,400,14:16,14,67,5,5,
Vincent Trocheck,29,NYR,C,36,12,16,28,-7,20,2.4,5,7,0,0,11,5,0,108,9.1,727,20:12,15,88,316,247,
Jacob Trouba,28,NYR,D,36,2,9,11,-4,37,1.7,1,0,1,0,8,0,1,102,25,763,21:12,88,110,0,0,
Alex Tuch,26,BUF,RW,32,15,20,35,11,6,4,10,5,0,4,13,7,0,91,2.4,599,18:44,18,22,11,12,
Tyler Tucker,22,STL,D,4,0,0,0,0,5,0,0,0,0,0,0,0,0,4,3.1,52,13:01,6,8,0,0,
Riley Tufte,24,DAL,LW,3,0,0,0,-1,0,-0.1,0,0,0,0,0,0,0,1,6.3,24,7:57,0,6,0,0,
Urho Vaakanainen,24,ANA,D,9,0,0,0,-5,0,-0.2,0,0,0,0,0,0,0,8,0,150,16:41,11,6,0,0,
Juuso Valimaki,24,ARI,D,29,2,6,8,-1,12,1.3,2,0,0,0,2,4,0,25,14,441,15:12,27,15,0,0,
James van Riemsdyk,33,PHI,LW,15,5,8,13,1,8,1.4,3,2,0,0,6,2,0,34,7.3,249,16:36,5,5,0,2,
Trevor van Riemsdyk,31,WSH,D,37,4,4,8,4,15,2.2,4,0,0,0,3,1,0,30,13.6,650,17:34,73,13,0,0,
Frank Vatrano,28,ANA,LW,35,6,9,15,-12,26,0.6,5,1,0,0,8,1,0,106,13.5,622,17:47,32,49,1,7,
Joe Veleno,23,DET,C,31,4,5,9,4,10,0.7,4,0,0,0,4,1,0,23,0,374,12:04,14,66,82,142,
Carter Verhaeghe,27,FLA,C,34,17,11,28,2,24,3.2,13,4,0,1,9,2,0,101,3.8,595,17:31,11,12,3,5,
Jimmy Vesey,29,NYR,LW,35,6,6,12,7,4,1.2,5,0,1,2,6,0,0,57,0,480,13:42,24,50,3,7,
Jeffrey Viel,26,SJS,F,1,0,0,0,0,2,0,0,0,0,0,0,0,0,1,0,7,7:22,1,2,0,0,
Gabriel Vilardi,23,LAK,C,37,15,8,23,3,8,2.6,11,4,0,3,7,1,0,74,8.1,587,15:51,19,24,33,41,
Marc-Edouard Vlasic,35,SJS,D,36,0,8,8,-12,0,0.7,0,0,0,0,8,0,0,29,0,666,18:31,55,17,0,0,
Jakub Voracek,33,CBJ,RW,11,1,5,6,-7,0,0.2,0,1,0,0,5,0,0,17,25,176,15:58,7,2,1,2,
Jakub Vrana,26,DET,LW,2,1,1,2,1,0,0.3,1,0,0,0,1,0,0,5,7.7,23,11:36,0,2,0,1,
Oliver Wahlstrom,22,NYI,RW,35,7,9,16,5,32,1.8,6,1,0,1,9,0,0,70,6.7,426,12:10,15,50,7,13,
Nathan Walker,28,STL,C,20,1,1,2,-2,13,-0.1,1,0,0,1,1,0,0,11,25,196,9:49,18,27,2,2,
Samuel Walker,23,MIN,C,5,1,0,1,2,0,0.2,1,0,0,0,0,0,0,4,7,48,9:34,1,2,0,0,
Sean Walker,28,LAK,D,31,1,6,7,-2,18,0.9,1,0,0,0,6,0,0,41,0,460,14:51,40,32,0,0,
Jake Walman,26,DET,D,16,1,1,2,14,12,1.6,1,0,0,0,1,0,0,32,6.6,275,17:13,25,12,0,0,
Austin Watson,31,OTT,LW,34,2,2,4,-8,36,-0.2,1,0,1,0,2,0,0,32,0,346,10:11,22,82,4,6,
MacKenzie Weegar,29,CGY,D,35,0,7,7,1,26,1.4,0,0,0,0,7,0,0,61,0,738,21:04,52,78,0,0,
Alexander Wennberg,28,SEA,C,32,6,9,15,-3,6,0.6,4,2,0,0,6,3,0,43,12.5,618,19:19,26,19,231,284,
Zach Werenski,25,CBJ,D,13,3,5,8,-6,0,0.9,3,0,0,0,3,2,0,41,13.2,307,23:36,24,5,0,0,
Blake Wheeler,36,WPG,RW,29,9,17,26,1,20,2.5,4,5,0,4,15,2,0,66,8.2,517,17:50,14,18,9,13,
Colin White,26,FLA,C,31,5,7,12,-1,6,0.9,5,0,0,0,7,0,0,37,10.9,360,11:37,9,22,32,44,
Colton White,25,ANA,D,16,0,1,1,-5,6,0,0,0,0,0,1,0,0,10,0,201,12:35,13,9,0,0,
Zach Whitecloud,26,VEG,D,30,1,5,6,0,23,1.3,1,0,0,0,5,0,0,26,13.3,500,16:39,56,50,0,0,
Chris Wideman,33,MTL,D,21,0,4,4,6,41,1.1,0,0,0,0,2,2,0,24,16.3,314,14:58,25,11,0,0,
Maxwell Willman,27,PHI,C,9,0,0,0,-3,4,-0.2,0,0,0,0,0,0,0,9,8.5,81,8:58,6,16,0,3,
Miles Wood,27,NJD,LW,33,7,7,14,3,39,1.4,7,0,0,0,7,0,0,86,,443,13:26,8,46,1,4,
Parker Wotherspoon,25,NYI,D,2,0,0,0,1,0,0.1,0,0,0,0,0,0,0,4,,31,15:22,1,2,0,0,
Shane Wright,19,SEA,C,8,1,1,2,4,2,0.3,1,0,0,0,1,0,0,4,,68,8:29,6,1,10,21,
Arber Xhekaj,22,MTL,D,32,4,6,10,2,65,1.9,3,1,0,0,6,0,0,52,,486,15:11,29,96,0,0,
Kailer Yamamoto,24,EDM,RW,24,2,6,8,6,8,0.4,2,0,0,1,6,0,0,30,,398,16:35,9,42,3,1,
Cameron York,22,PHI,D,8,1,4,5,5,0,1.1,1,0,0,0,3,0,1,4,,148,18:33,10,8,0,0,
Pavel Zacha,25,BOS,C,34,4,17,21,6,6,1.6,3,1,0,1,14,2,1,57,,536,15:45,8,26,37,63,
Filip Zadina,23,DET,RW,9,0,0,0,-3,4,-0.3,0,0,0,0,0,0,0,12,,126,13:57,5,9,0,2,
Nikita Zadorov,27,CGY,D,36,4,3,7,10,39,2.4,4,0,0,0,2,1,0,61,,703,19:32,40,86,0,0,
Nikita Zaitsev,31,OTT,D,19,0,3,3,-6,6,0.3,0,0,0,0,3,0,0,6,,318,16:44,33,39,0,0,
Yegor Zamula,22,PHI,D,11,0,2,2,-1,0,0.3,0,0,0,0,2,0,0,6,,151,13:45,8,6,0,0,
Jakub Zboril,25,BOS,D,13,1,0,1,-1,2,0.2,1,0,0,1,0,0,0,8,,176,13:34,11,13,0,0,
Trevor Zegras,21,ANA,C,35,10,15,25,-13,32,1.8,8,2,0,1,9,6,0,76,,692,19:46,11,24,98,152,
Fabian Zetterlund,23,NJD,W,29,5,8,13,9,6,1.4,4,1,0,1,6,2,0,61,,388,13:23,9,23,3,7,
Mika Zibanejad,29,NYR,C,36,15,23,38,9,8,4.1,4,10,1,3,15,8,0,138,,751,20:52,12,30,271,318,
Radim Zohorna,26,CGY,F,5,0,0,0,-1,0,-0.1,0,0,0,0,0,0,0,3,,41,8:12,0,3,14,12,
Artem Zub,27,OTT,D,14,2,2,4,-1,10,1,2,0,0,0,2,0,0,15,,308,22:01,16,52,0,0,
Mats Zuccarello,35,MIN,LW,34,16,23,39,-4,16,4.1,10,6,0,2,13,10,0,98,,692,20:21,21,22,7,13,
Jason Zucker,31,PIT,LW,30,6,15,21,4,12,1.9,6,0,0,1,9,6,0,71,,462,15:24,9,86,2,9,
